ATRX,25
PMM2,8
ASS1,5
DISC1,13
CAMK1,1
SPR,2
CAMK4,5
RNF114,2
RNF115,2
ZC3H14,1
SPN,1
CEACAM5,1
GRIN1,11
MIR342,8
FOXQ1,2
TCOF1,3
NUP98,7
XPC,12
SP1,5
XPA,9
SP3,1
SP4,5
SP5,1
CAMKV,2
GOLIM4,1
OPA2,1
OPA3,5
OPA1,9
RAB40B,1
COL7A1,21
KLLN,3
B2M,14
ITGA8,8
ITGA9,3
UGCG,2
ATP2A1,7
ATP2A2,29
ATP2A3,11
ITGA2,7
ITGA3,2
ITGA4,1
ITGA5,4
ITGA6,3
ITGA7,5
TRHR,8
PHLDA1,1
PHLDA2,3
GAP43,14
PAMR1,1
HRH4,7
HRH2,10
HRH3,11
HRH1,6
FBXL19,3
H19,13
GRP,13
TPRN,1
THSD4,4
COL4A6,6
COL4A5,5
COL4A4,7
COL4A3,11
COL4A2,10
COL4A1,27
GRN,19
CHST3,5
CHST6,3
ITGAX,1
BCL2A1,4
HLCS,3
NOG,8
ITGAV,1
COX7C,1
ITGAL,4
ITGAM,10
HLF,7
SMAD9,8
TRERF1,2
LRPAP1,2
SMAD5,2
SMAD6,15
SMAD7,5
SMAD1,2
SMAD2,14
SMAD3,28
F12,6
CYFIP1,1
IGF2R,15
CYFIP2,1
SLC36A2,2
ERICH1,1
ARTN,6
SPTLC1,5
TCEA2,3
COX4I2,2
EDA,7
PIPOX,5
CADPS2,12
CCDC114,3
CCDC115,1
MTCL1,2
ATP1A4,1
ATP1A3,25
ATP1A2,7
ATP1A1,12
CRTAP,8
C2CD3,6
SPHK1,4
DPT,2
IPO11,1
CBLB,5
CPEB1,1
BEGAIN,3
ABAT,20
FRG1,2
IFT80,7
TP53TG1,2
IFT88,4
IL10RA,3
CNTF,5
NUP93,2
PHOX2A,2
PHOX2B,11
UPK2,1
CFH,15
CFI,8
PNP,16
CFD,18
CFB,11
CREBBP,31
CFP,12
AAAS,4
HAMP,23
SIDT2,1
SIX4,1
SIX5,5
SIX6,7
SIX1,12
SIX2,4
SIX3,12
CNPY4,1
CNPY3,1
CNPY2,2
NODAL,10
UFD1,7
HMG20A,1
AAGAB,4
FBXO6,5
C4orf19,1
TRAPPC8,1
COPG1,1
SHOX2,4
CHFR,4
RFX4,2
RFX5,6
APP,52
NRXN3,7
NRXN2,2
RFX2,1
RFX3,5
IBA57,5
APC,75
ABCE1,2
UQCRC2,5
XPNPEP2,4
XPNPEP3,1
GGCX,3
ADNP,4
KHDRBS2,1
LHCGR,18
INF2,5
MSL3P1,3
TARS2,1
DPYSL2,15
IGFBP2,8
IGFBP3,12
IGFBP1,14
IGFBP6,6
IGFBP7,7
IGFBP5,3
CYP1B1,33
CYP2R1,5
CKLF,1
GJA1,35
GJA3,7
GJA4,2
GJA5,6
GJA8,13
CYP8B1,7
CD99,2
KDM3B,1
KDM3A,1
SEZ6L,1
MYO3A,4
TMC6,1
TMC1,2
EIF2B4,5
EIF2B5,5
EIF2B2,4
EIF2B3,4
EIF2B1,5
PRKAR2B,6
MAGT1,1
TXNIP,7
MLF1,2
IFT140,9
MLF2,1
CFLAR,12
MECOM,13
ITGA2B,16
RSPH1,3
SDR9C7,8
MYT1L,7
CFHR3,3
CLIC4,3
CFHR1,5
CLIC2,3
NLGN3,1
CFHR4,1
NUP107,5
FOXL2,16
RIT1,7
TMEM140,1
SF1,1
RTKN2,1
SECISBP2L,1
HLA-DPA1,2
HLA-DPA2,1
TSNAX-DISC1,5
MYBL1,6
NR1D1,5
NR1D2,2
DRD1,32
PLPBP,4
MLANA,4
ZAP70,7
UFSP2,1
RAC2,6
RAC1,14
SBDS,6
RCL1,1
VCL,10
VCP,14
CPLX1,12
VCY,1
PBX4,1
PBX1,9
AIRE,10
NSUN2,2
NSUN7,1
NSUN6,2
TUBG1,6
TARS,5
PTCH1,41
TUFM,3
ERGIC3,3
B3GAT3,3
B3GAT2,1
B3GAT1,3
PLN,10
SPG27,2
UXT,1
SPG24,2
CALM2,16
CALM3,2
SPG21,5
CALM1,22
GSDMB,2
GSDME,2
UPK1B,2
DLGAP2,1
DLGAP1,1
SRPX2,5
BRDT,2
MBNL1,2
CYP27B1,8
MIR503,10
CLCN3,6
CLCN2,11
CLCN1,5
CLCN7,8
CLCN5,13
CLCN4,4
HIST1H4H,1
TRAPPC12,4
BRD8,2
BRD9,1
BRD4,26
BRD1,3
BRD2,10
BRD3,8
PTPN18,1
PTPN12,2
PTPN11,45
MYCBP,1
PTPN14,5
GALR3,6
GALR2,7
GALR1,6
UTRN,1
CSF2RB,5
CSF2RA,3
DMD,29
FAAH2,6
GAB2,1
GAB1,3
NPTX2,1
HABP2,3
NDRG1,41
NDRG2,12
SRSF5,2
SRSF6,1
SRSF1,3
CHD1L,5
SRSF3,1
SRSF2,6
SRSF9,1
CDK2,6
RNF130,1
RAPH1,3
VIL1,1
CDK3,1
HLA-DQB1,31
MSMB,3
RNF139,6
HOXA2,5
CISD2,3
CLNS1A,1
HOXA1,4
TSHZ3,2
TSHZ1,4
CDK8,1
TIPARP,3
CHST8,3
HAPLN1,4
PSD,1
CAMKK2,5
HOXA9,5
TRNH,3
TRNI,1
TRNK,4
TRNN,2
MYO1H,1
MYO1F,1
MYO1E,3
TRNC,1
MYO1C,3
MYO1B,2
TRNF,2
TRNP,1
TRNQ,2
TRNT,2
BCR,14
TRNW,5
PGBD5,1
PGBD3,1
CTPS1,1
LGALSL,1
HOXA13,4
HOXA11,3
HOXA10,6
CDY2A,1
FAM160B1,1
SRC,17
NEMF,1
SRF,2
SRI,1
SRM,1
SRR,3
LGALS9,1
LGALS3,13
LGALS2,4
LGALS1,5
SRY,9
LGALS7,5
EIF2AK1,11
EIF2AK3,12
EIF2AK2,10
EIF2AK4,8
EREG,5
AVPI1,1
MYO16,1
TRNT1,3
ASAP1,2
NMI,1
OCRL,6
ATG101,1
PLAUR,6
XIST,2
HILPDA,1
SLCO1B1,3
SLCO1B3,4
MPDU1,2
LOX,18
LRRC28,1
GCNT1,2
GCNT2,3
LPCAT2,2
ALOX5,27
MID1IP1,1
PIGA,8
PIGC,1
PIGG,1
PIGL,3
PIGM,16
PIGN,4
PIGO,4
PIGP,3
PIGQ,2
PIGS,1
PIGT,6
C20orf181,1
WRAP53,3
PIGW,4
PIGY,2
RMND1,2
TAX1BP1,1
TAX1BP3,1
ANKLE2,4
RHPN1,2
INPPL1,5
OLR1,9
RHPN2,2
BBIP1,2
CCDC174,1
PDK3,2
PDK2,1
ALPG,1
PDK4,11
LNPEP,4
MFAP2,2
SEC61A1,1
ALPL,28
THAS,13
PTGS2,155
PTGS1,22
MIR193A,9
MIR193B,8
ZFAND6,5
ZFAND5,1
ZFAND3,4
SLC39A12,2
SLC39A13,6
SLC39A14,3
MIR4516,7
CEP120,9
EIF1AX,2
NTRK1,33
NTRK2,46
CEP126,1
EIF1AD,1
SMAD4,36
DNAJC15,1
ARHGAP26,5
ARHGAP29,4
ARHGAP28,2
HHAT,3
DDIT4,5
COL19A1,1
ATG2B,2
BMP7,12
BMP6,8
BMP4,21
BMP2,19
BMP1,3
KIAA0586,8
ASF1A,1
TERF2,1
FOXM1,10
RASSF8,1
RASSF1,18
PTOV1,2
RASSF2,3
RASSF5,2
RASSF4,1
VMO1,6
NHP2,5
RSAD2,2
CHD1,2
CHD3,2
CHD2,15
CHD5,3
CHD4,3
CHD7,14
CHD6,3
MIR143,2
MIR142,6
MIR141,11
MIR140,2
CAP1,4
MIR145,11
MIR144,8
NPC2,4
NPC1,18
SKIV2L,4
C3orf58,1
RAB3GAP2,5
IL4R,8
TTC3,1
RAB3GAP1,5
ATP10D,1
TTC9,2
TTC8,5
DAG1,14
EFHC1,8
CAPG,11
TPRKB,3
ETHE1,2
PRDM16,13
ABCG1,4
ABCG2,19
PLSCR2,1
ABCG5,14
PLSCR1,2
ABCG8,10
MPO,42
MPL,15
AVP,37
MPI,3
MAP4K1,1
PRKCZ,6
LMAN1,1
MPZ,14
MCPH1,6
KDM1A,3
KRIT1,10
MIR1273H,6
GADL1,2
MLX,1
MIR1273C,2
FCER1G,1
AKR1B10,6
FCER1A,2
BTG2,2
BTG1,5
DNALI1,1
SRD5A3,10
SRD5A2,18
SRD5A1,10
HELLS,5
FAM49A,1
FAM49B,1
PDILT,1
ZFP36L2,4
GGA1,1
GGA3,1
C15orf41,6
FHOD3,4
ADH7,6
ADH6,1
ADH5,1
ADH4,4
PKD2,8
PKD1,8
GJC2,6
GJC3,1
PRKACG,1
PRKACA,8
PSMB9,3
PRKACB,6
PSMB5,1
PSMB4,3
PSMB2,1
PSMB1,3
SPG7,9
TDGF1,11
RAPSN,7
MBL2,3
SNORD22,1
KCNK9,6
KCNK5,7
MLH3,8
CRY1,10
CRY2,5
KCNK3,9
TRIML1,1
NACC1,3
VPS13A,3
SH3KBP1,1
VPS13C,2
VPS13B,2
BEX4,1
KIAA0556,1
CRYM,1
TMEM165,3
TMEM164,7
FOXN1,1
COL14A1,7
BBC3,8
GRIN2B,16
GRIN2C,1
GNA14,3
GRIN2A,25
GNA12,3
GNA13,3
GRIN2D,4
GNA11,11
CLDN19,4
PRKAR1A,23
TAP1,4
TAP2,4
MFGE8,9
SH2B1,3
IL6ST,23
FRRS1L,2
SBF2,2
DBN1,3
ACTG1,15
OGDH,1
ADD1,3
CDC73,8
WEE2,2
WEE1,1
DAZL,1
DAZ3,2
DAZ2,2
DAZ1,2
DAZ4,1
TAS2R16,3
BCAT2,5
BCAT1,1
TAS2R13,2
MACROD2,5
GBA2,2
AKAP5,6
AKAP6,2
AKAP7,4
DBNL,1
AKAP1,1
AKAP3,1
AKAP8,3
AKAP9,11
EIF2A,2
CYP26A1,15
NFU1,2
DNAH11,4
HSP90B1,2
TMEM132E,1
TMEM132D,2
TMEM132B,1
OVGP1,3
G6PC,4
CETN1,1
LTC4S,2
PCLO,8
H3F3B,6
DIO2,5
DIO3,7
CCL21,1
CCL20,20
CCL23,1
CCL22,2
CCL24,8
CCL27,2
ALPK1,5
ALPK3,4
ALPK2,2
UCK2,2
PHRF1,2
TP53I3,4
CUX1,12
CUX2,2
CYSTM1,1
BRF1,3
CSNK1A1,1
CAMSAP2,1
DNAJC5,1
DNAJC6,6
DNAJC7,1
DNAJC1,1
DNAJC3,2
DUX4L5,2
MS,1
GOSR2,9
SLC18A2,18
SLC18A1,4
RALBP1,2
NRN1,1
MAP3K6,3
RAP1B,1
RAP1A,1
YWHAZP5,1
ZNF831,1
MAP3K4,4
MIR16-1,1
MAP3K5,11
RBMY1A1,2
ATOH7,5
ACAT1,17
ACAT2,1
ATOH1,7
LIMD2,2
ATOH8,6
IVD,2
MIR216B,1
CTF1,2
MIR216A,1
MECP2,46
SUGCT,10
LDLR,22
TSPY1,1
OR8S1,1
IL2RA,27
IL2RB,8
ZFYVE27,3
TPCN1,1
IL2RG,6
SLC17A5,9
SLC17A6,11
SLC17A7,23
SLC17A1,1
SLC17A2,3
SPAG17,1
C16orf58,1
TRPV3,7
CDK5RAP2,4
CMTR2,4
FMO2,2
ITCH,1
ERC1,1
CHMP4B,3
CHMP4C,2
BAX,34
BAD,10
CTSK,7
BHMT2,3
GFI1B,5
MYOD1,8
PMPCA,2
TOB2,1
CDK12,6
CDK13,2
CDK16,2
SULF2,3
SULF1,3
CDK15,2
GZF1,1
ATP6V1B1,2
ATP6V1B2,12
NOS1AP,3
BFSP2,6
BFSP1,5
P2RY8,3
STS,17
CSRP1,6
MMP26,1
MMP21,11
MMP20,3
HOXB13,5
RPL15,7
TFG,7
NCL,2
PPP3CA,9
PPP3CB,2
PPP3CC,5
LIF,9
KIAA1549,14
LRRC47,1
MXD1,1
B3GNT2,4
TSFM,3
FGFR2,76
ADRA2A,10
ADRA2B,5
ADRA2C,7
PWWP2B,2
PCYT1A,11
DAAM2,1
HLA-DRB1,58
HLA-DRB4,3
HLA-DRB5,10
CCDC151,3
YIF1A,1
TUFT1,1
SYT9,1
MTCH2,1
FN1,29
SYT2,7
SYT3,1
SYT4,1
SYK,4
RHO,13
MEP1A,1
CAVIN2,4
CAVIN1,3
KISS1R,8
FUBP1,1
NCSTN,8
SPZ1,2
CEP104,1
YJEFN3,1
GNAI2,11
NES,5
CNTROB,2
PALMD,1
ANGPT2,1
ANGPT1,4
DRC1,3
OXT,43
GPR143,3
ATP6V0A4,2
ATP6V0A2,8
TBC1D1,1
GUCA1A,4
GUCA1B,2
KRT75,2
KRT74,7
KRT76,1
KRT71,6
KRT73,4
ATM,55
SMPD4,2
MIR615,1
SMPD1,9
ADAM33,2
ACOXL,1
BRIP1,22
PDE11A,4
TTC25,3
DOT1L,1
PATL2,1
CARS,2
U2SURP,1
IL6R,17
ENO1,42
ENO2,9
ENO3,1
ENO4,1
SYCP3,2
SYCP1,7
LLGL2,2
SLC22A18,12
LLGL1,2
ACOX2,2
ACOX1,7
SLC22A12,4
NSMCE2,2
NSMCE3,1
ANKFY1,1
OBSCN,2
PTK2,8
PTK7,1
PRKAA2,3
PRKAA1,3
ITGB3BP,2
RCSD1,1
MCL1,9
SORBS1,1
ODC1,8
IL18RAP,1
ATG16L1,6
C4orf50,1
USH1K,1
USH1H,1
ARHGDIB,3
ANOS1,6
NDEL1,5
ARHGDIA,4
USH1C,5
NANS,2
USH1G,5
IL17REL,1
MATN3,6
MIR877,6
MATN4,1
MIR875,1
AP2S1,1
CES1,8
CES3,3
CES2,3
EBF3,1
EBF1,8
HBA1,23
UCP1,7
LMNA,41
HBA2,16
BDH1,7
ZNF155,1
GULP1,1
SAC3D1,1
FKBP14,4
FKBP15,6
FKBP10,9
FKBP11,1
TBX21,5
TBX20,2
TBX22,5
FAM3D,1
TACO1,5
AFF1,3
CNGB1,2
CNGB3,6
RNPEPL1,1
PLA2G6,9
PLA2G7,6
MARCKS,4
CREB3L1,3
ERBB2,70
ERBB3,30
ATPAF1,2
SHC1,2
PEX26,18
FPR2,5
CCDC78,10
FOXH1,6
TMEM107,2
SMPDL3A,2
SPEN,4
FKBP1A,3
SPEG,12
STOML2,1
TIMM8A,2
DAXX,5
MET,76
AHNAK,8
NT5E,4
NKAIN2,1
NKAIN1,1
MAP1B,1
EIPR1,4
UNC5C,7
VGF,5
LBX1,3
CCM2,7
FRMD7,2
PKNOX1,1
PKNOX2,2
FRMD3,1
GNAQ,13
PDP1,2
MED13L,5
GNAL,18
HLTF,2
CYP26C1,3
CRYGS,4
KRT3,3
KRT2,4
KRT1,15
KRT7,16
KRT5,19
KRT4,3
CRYGA,1
CRYGB,4
CRYGC,7
CRYGD,13
DACT3,2
DACT2,1
VPS45,4
ECT2L,1
SDR42E1,1
NMNAT3,2
NMNAT1,7
ALOX12B,10
TAS2R38,3
EPB41L1,1
UBE2I,3
EPB41L3,2
EPB41L2,1
KIDINS220,1
PLEKHM1,2
PLEKHM2,1
NAA15,3
VPS4B,1
PCOLCE2,2
SLC43A3,1
SLC43A2,1
CNTNAP1,3
NAA10,4
WNT3,6
WNT2,3
WNT1,10
AGXT,1
LATS1,20
WNT4,5
TREML1,4
BLMH,7
MOGS,2
RECK,7
ST8SIA4,2
TYRP1,10
GPRIN2,1
ROGDI,3
INSR,40
RUNX1T1,5
SPTBN4,8
SPTBN2,12
SPTBN1,1
KLF13,3
KLF12,5
KLF11,3
KLF10,2
RNF170,1
KLF15,1
KLF14,1
TFAP2A,9
TFAP2C,3
TFAP2B,5
TFAP2D,1
GBE1,15
PCNA,19
SLC44A2,1
ZBTB7A,7
ZBTB7B,1
MSI1,1
MIR26B,7
PCNT,12
FEZF1,3
PCAT1,1
SAMHD1,11
RPA1,1
C1D,1
NDUFS1,9
NDUFS2,6
NDUFS3,8
NDUFS4,13
NDUFS6,3
NDUFS7,8
C1S,9
C1R,7
COQ7,1
COQ6,5
ILF2,1
FAM198B,1
HBD,5
HBB,30
CHMP2B,10
PCDHGB6,2
HBZ,1
BOC,2
RREB1,6
TPX2,1
GAGE1,7
PPT1,5
WWC1,4
INPP4B,4
INPP4A,3
MICAL1,1
PHC1,8
STAT3,90
SCNN1G,13
ZNF365,7
GRXCR1,1
GRXCR2,2
ZNF366,6
PRF1,18
MGMT,18
TNFRSF8,7
H2AFX,6
MIR384,4
RNF6,6
AVPR2,16
GPR52,1
MIR381,5
MIR380,6
NRXN1,15
CLTC,3
CLTB,1
TMEM59L,2
MIR382,5
NGLY1,2
DPEP1,1
FLG,6
MACO1,1
HARS,10
PCOLCE,8
EPM2A,11
ISCA1,1
HSD3B2,13
ISCA2,3
LMX1A,1
LMX1B,13
RECQL,4
Sep-09,10
POU4F1,7
POU4F3,2
CD300E,1
ACTR2,1
NUP88,1
VAX1,1
RECQL4,6
KRT85,1
GNRHR,6
NDP,11
RETSAT,1
CNR1,69
GBX2,2
CNR2,27
FOXP4,2
GP1BA,9
GP1BB,19
ALDH18A1,10
ICOS,4
HHEX,5
OTULIN,2
ACTN1,3
GSTA3,1
ABI3BP,4
ANKS1A,2
IDUA,7
SLC40A1,15
PPOX,5
GLB1,25
TINF2,8
PITPNM1,1
NKX3-2,2
NKX3-1,1
GNRH1,12
CPED1,3
ADAM10,6
ADAM11,1
ADAM12,3
ADAM17,3
ADAM18,1
ADAM19,2
MEPE,2
SNRPB2,1
CPNE3,1
WNT8A,2
WNT8B,1
PYCARD,19
DNMT3B,13
DNMT3A,28
DNMT3L,1
MIR302D,3
SNRPN,2
MIR302B,1
GDE1,2
SNRPB,4
SHANK3,10
SNRPG,1
SHANK1,12
SNRPE,3
MAST1,2
UCP2,17
SALL1,4
ZDHHC15,1
PCSK9,5
ZDHHC13,10
PCSK2,5
PCSK1,2
UCP3,2
PCSK5,9
HIPK2,1
HIPK1,1
RPS3,1
DUSP21,1
LEMD3,7
LEMD2,2
NCAN,3
NAPG,1
ESPL1,4
LARP4,2
LARP7,6
COL15A1,1
ODAM,1
FDFT1,8
EDIL3,2
ZNF177,2
PTER,3
PTEN,139
PLTP,1
LGR5,3
LGR6,5
ELAVL1,2
ELAVL2,2
ELAVL3,2
CDKN1C,19
CDKN1B,31
CDKN1A,19
SETBP1,21
MIR6815,6
EDNRA,15
EDNRB,18
SAP130,1
DNAI1,2
APOD,8
APOE,83
APOB,15
NDUFV2,9
APOH,7
STX12,1
NFIL3,4
EN1,3
TMEM125,1
TMEM127,7
FRAS1,5
DNAJB13,3
PAXIP1,7
NUFIP2,1
PREPL,6
SULT4A1,3
CABP4,2
CABP2,2
FBXO30,1
FBXO31,1
BOP1,2
FLNA,40
FBXO38,4
DHCR24,16
GNS,5
MBOAT1,1
MBOAT7,3
HINT1,6
SPSB4,1
SLC25A51,1
BPGM,2
MIR323A,3
UFM1,1
ALAS2,7
S100A9,4
S100A8,7
S100A5,8
BRWD3,1
S100A7,2
S100A6,16
S100A1,2
LONRF3,1
LONRF2,1
BIRC3,10
BIRC2,6
APBA2,1
SPIN2A,7
PGLS,4
ATP5F1E,2
MORC2,7
MORC1,2
PTPRZ1,3
RS1,4
CYP27A1,10
CCNA2,5
DIAPH2,1
CCNA1,3
ATP13A3,2
ATP13A2,21
SSUH2,1
RAI1,18
COL28A1,2
PRKRA,27
MEF2D,1
ADAT3,2
LGALS3BP,2
TTBK2,10
TTBK1,2
E2F1,4
ACBD6,3
ACBD5,1
ACBD4,1
PPP1R13L,1
EEF2,17
ZDBF2,1
MYF6,10
TUSC3,2
RLBP1,5
RPGR,10
HYLS1,5
ZNF335,3
PYCR2,3
PYCR1,8
FAM234A,1
GP9,5
GATA2,11
WNT10B,8
FAM168A,2
GNG11,4
LIPA,12
IFITM1,1
HPCAL1,1
LIPE,6
IFITM5,3
LIPI,1
TMC8,1
LIPN,6
SEC24D,4
REV3L,2
SEC24C,9
PYY,19
MIR421,7
MIR423,8
MIR429,8
IPP,2
IPW,2
HGFAC,1
MRPL44,1
TRIP4,2
ZNF699,1
NGF,83
HDC,2
ARFGAP3,1
LAMB1,11
LAMB3,11
LAMB2,7
ATP7A,36
CYSLTR1,3
NEK6,1
NEK7,1
NEK4,2
BMF,2
NEK1,12
U2AF1,10
SNORD115-1,2
NEK8,4
NEK9,4
BMX,1
GPR161,1
CYP11B1,5
G0S2,4
ZZZ3,1
ASTN2,6
ASTN1,3
RSPH9,3
CCDC6,3
SHH,26
CCDC8,3
PHEX,8
DYNC2H1,9
MIR938,3
MIR939,1
MGA,4
MTHFD2,6
MTHFD1,13
TBP,4
MGP,8
RSPH3,3
NSD1,11
NSD2,7
CYP2A6,35
NUDCD3,1
ADSS,1
SAMD4A,4
ADSL,3
LUM,4
TIMMDC1,2
GAS2L1,4
SLX4,9
ZNF436,1
MIR4433B,6
ZNF430,2
ZNF432,4
ZNF438,2
RALGDS,4
DLL1,11
DLL3,24
DLL4,7
NUTM1,1
NUDT15,1
ZW10,1
TM6SF1,1
TM6SF2,4
IFI6,2
STX3,1
STX2,1
STX5,1
STX6,2
CPN1,1
SLC4A11,5
LAGE3,3
STAB1,5
STAB2,1
TP73-AS1,8
PYHIN1,2
LGI4,2
NTF3,26
TRMT2A,2
LGI1,4
ECE1,8
PHACTR1,5
ERDA1,2
IMPACT,2
CASQ1,3
LRSAM1,9
ZNF205,2
CASQ2,8
CLIC1,7
EVC2,5
AURKA,11
AURKB,3
AURKC,4
TNNT1,2
PHYKPL,1
GNPTG,1
CDC42EP3,1
FAM92B,5
TBKBP1,1
AHCY,9
FEZ1,2
ABI3,7
FEZ2,1
SLC22A4,3
MUC7,1
GPI,7
ACADVL,3
RAB4B,1
SLCO1A2,1
KRT32,6
AOC3,7
IL21,7
CHN2,1
CHN1,5
IL22,16
IL24,9
IL27,5
MIR652,3
MIR651,6
KIF2A,7
CAV3,21
KIF2C,1
CAV1,41
TIMP1,18
IL12RB1,5
IL12RB2,1
ATP6AP1,8
ATP6AP2,5
ENSA,1
BRCA1,30
BRCA2,45
MUC4,8
PRY2,1
ACOT9,2
ACOT6,1
ACOT2,1
ACOT1,4
ADCY5,17
ADCY6,2
RBBP8,9
ADCY1,3
ADCY2,2
ADCY3,5
ADCY8,7
KIF23,2
KIF22,2
PNLIP,5
PDLIM4,7
SKAP2,1
SKAP1,2
RHOC,1
RAB30,1
XRCC1,16
XRCC3,14
XRCC2,6
XRCC5,2
XRCC4,6
XRCC6,1
EMSY,6
CLEC7A,3
GALNT5,1
MEIS2,2
MEIS1,9
FTL,15
TFRC,35
SLC22A3,9
CTLA4,25
TFR2,11
FLT3,17
MIER2,2
RALGPS1,1
DDX60,1
KIR3DL1,1
LMNB2,11
IL13RA2,1
LMNB1,10
LRBA,2
MRPS28,2
CD274,12
CD276,3
MRPS22,3
MRPS23,2
PPP2R5D,2
PPP2R5C,4
PMP2,1
YY1,7
YY2,1
MEN1,18
NAMPT,7
ADCY10,2
OPN1MW,6
KCNA4,1
KCNA5,8
KCNA2,22
KCNA1,9
GSE1,1
OPTN,10
BHMT,22
MCCC2,2
MCCC1,1
CCDC39,3
ACACA,8
ACACB,2
SLFN14,1
FOXD3,2
PLA2G2A,8
APPL1,4
APPL2,5
GAS8,3
LYN,1
KRTAP21-1,1
CAPN15,1
CAPN14,1
CAPN10,6
SLC35D1,2
COX7B,3
SIGMAR1,41
SARS2,1
HS3ST6,2
HS3ST5,1
HS3ST4,2
IL1RAPL1,6
IL1RAPL2,1
EFNB2,4
NOCT,1
SMOC2,2
C11orf95,1
SMOC1,3
WDR35,17
KYNU,4
SIN3A,22
WDR34,7
LHPP,2
MLLT1,2
MLLT3,1
NUP188,1
WDR36,5
SYNJ1,5
GLT8D1,3
SYNJ2,2
PDZK1,6
ZNHIT3,3
ZNHIT2,1
ZNHIT1,1
ZNHIT6,1
OSR2,2
GTPBP3,2
GTPBP2,1
PCDHA3,1
PCDHA9,1
HES5,5
BCL9,6
EIF4A3,1
CLIC5,2
BCL6,15
BCL2,98
PLK1,5
PLK2,8
PLK4,7
CLMP,3
LYRM7,3
HNRNPA3P1,1
LYRM4,2
NKX2-3,6
LYRM9,1
NKX2-1,15
NKX2-6,7
NKX2-5,29
ZP1,2
ZP3,2
ZP2,2
OAS1,5
OAS3,1
OAS2,6
MTM1,11
OASL,1
SERPINB9,2
SERPINB8,4
CSNK1G1,1
ANKK1,12
SERPINB3,6
SERPINB2,6
SERPINB5,7
SERPINB4,2
SERPINB7,3
SERPINB6,1
SMO,48
CX3CR1,4
MAGED2,3
ATP8B1,8
STC2,6
ELP4,2
ELP3,2
ELP2,4
ELP1,5
NRDC,1
DES,29
FBXL4,2
DPPA3,4
DEK,2
MANEA,6
MIR222,14
UBAP2,1
MIR221,12
MIR224,3
DDX5,2
ASXL1,10
RNASET2,5
ASXL3,2
ASXL2,5
HTR2A,40
HTR2C,18
HTR2B,5
NEUROG3,1
NEUROG1,2
GBA3,4
DDX1,8
SMC1A,13
TMEM98,5
SMC1B,1
CLEC5A,2
SPATA18,1
MTNR1B,6
TRIM44,2
MTNR1A,2
MYO15A,1
TRIM40,1
PEX1,16
CPLX2,9
PEX3,15
PEX2,10
PEX5,12
PEX7,15
PEX6,23
IVL,2
REG4,2
NUP205,3
ESAM,1
ACE,68
ACD,3
NEB,5
ME1,2
ME2,5
HFE,28
GNAI3,9
GNAI1,8
TBK1,6
MPZL1,4
KNL1,4
SLC7A7,3
CITED2,5
HLA-A,24
NFKBIA,25
POMP,4
MTHFR,144
MTHFS,3
DTNA,5
ACHE,48
SLC7A1,2
POMK,13
WSCD1,1
CSNK1A1L,1
HIRA,6
RIN1,1
RIN3,1
RIN2,2
GDA,3
WWOX,24
RPS10,5
RPS17,5
RPS15,5
RPS14,7
CLPP,2
RPS19,8
LAMA2,9
RIPK1,1
LATS2,15
RIPK3,9
DDOST,1
RIPK4,2
ARID4A,1
CLPB,1
SRCIN1,2
CRABP1,8
CRABP2,1
SLC9A3R1,3
PLCXD3,1
RRAGC,7
GLIPR1,3
PTCH2,13
GGT1,11
MCOLN1,8
RASA1,14
RASA2,2
ACTN2,5
PTPRU,1
PTPRT,4
PTPRS,1
PTPRR,2
PTPRQ,3
ACTN4,6
CLP1,3
EZR,7
PTPRG,2
PTPRF,5
PTPRD,9
PTPRC,8
PTPRB,1
PTPRA,2
PLAC8,1
PTPRO,4
PTPRK,2
PTPRJ,2
IFT27,4
CPM,3
CPO,1
CPE,3
CPQ,7
CYP46A1,7
RTN4R,2
DMPK,7
BANK1,2
PWRN1,2
RNASEH1,2
DMP1,1
F2,45
RPGRIP1,27
F3,11
ABLIM1,4
ABLIM3,1
ABLIM2,1
LMTK2,2
DUSP6,15
F7,5
DLX1,4
RMRP,5
HHIP,2
HMGN5,5
GSTZ1,3
MX2,2
MX1,8
CHL1,6
CRIPT,2
IFIT5,1
IFIT3,1
IFIT2,1
IFIT1,3
PJVK,4
EFTUD2,4
ISG15,3
MAP1LC3A,1
MAP1LC3B,6
DAOA,6
GGTLC1,1
GPS1,1
BRCC3,1
SPG25,2
GDI2,1
SPG23,2
GDI1,5
ARL5B,1
ERLIN1,1
ERLIN2,6
PSAP,10
GABRP,1
KRT17,13
KRT16,10
POMC,152
KRT14,19
KRT13,3
KRT12,1
KRT10,16
GABRD,7
EIF4A1,1
KRT19,9
KRT18,19
FGF9,15
GIGYF2,1
TLE3,5
PAG1,4
TLE1,2
FGF8,17
TLE6,1
TLE4,4
SPTA1,7
FGF7,15
HGSNAT,7
FGF6,2
PLP1,12
CDC6,5
COX5A,1
PKLR,8
FGF2,55
PCDHB15,1
TFPI,8
NAT8,1
NAT2,28
NAT1,5
ADGRL4,1
ADGRL3,3
ATP6V0D2,4
A1BG,1
KCNC4,4
GCH1,13
KCNC1,9
COX5B,1
KCNC3,3
TMIE,1
MFSD6L,1
NGFR,19
CPSF3,1
CPSF1,2
MAD1L1,7
ACAA2,3
CHMP5,3
HTT,11
SIPA1L1,4
APCS,10
SIPA1L3,3
TTLL5,5
LTBP4,6
LTBP3,14
LTBP2,10
LTBP1,1
AGPAT3,1
TTLL9,3
QKI,8
SUFU,19
APC2,5
PLA2G4B,1
PLA2G4A,15
PLA2G4D,1
MBD5,5
MBD1,1
SUPV3L1,6
CMTM2,3
CMTM3,1
FAM126A,10
MLPH,1
TSPAN18,1
MPC2,1
COL11A1,23
COL11A2,19
MPC1,5
SLC17A8,1
TSPAN12,3
REXO1,2
HEPACAM2,1
SLC25A19,4
SLC25A15,1
SLC25A13,6
SLC25A12,5
SLC25A11,1
SLC25A10,3
HSD17B8,1
SLC17A9,2
EAF2,3
NDUFA10,10
FOXF1,8
FOXF2,1
NDUFA13,2
HSD17B2,4
SYNCRIP,1
ALDH1L2,1
ALDH1L1,3
RBM47,3
VIM,37
EFL1,1
GNG7,1
VIP,18
GNG5,1
MIR155,4
MMAA,1
MMAB,2
TYR,14
NOA1,1
ALG8,3
NPY1R,23
STAR,6
FUS,9
ALG2,8
ALG3,2
ALG1,1
ALG6,2
WIF1,6
SMARCE1,6
COX6B1,1
STAM,1
TTLL3,1
CCNE2,5
CCNE1,14
MAGEL2,4
INSL3,4
RAB11A,1
CLDN9,1
FIG4,14
RAB11B,3
GCC1,7
CLDN1,6
CLDN2,1
CLDN3,3
CLDN4,6
CLDN5,1
CLDN7,2
RASGEF1B,3
NR5A1,23
SMYD4,6
CYTL1,1
SMYD2,1
SMYD3,2
SERPIND1,7
IRF3,3
PCNX3,2
IRF1,12
IRF7,5
IRF6,11
IRF5,10
IRF4,5
IRF8,8
CLUL1,2
PDX1,10
INMT,1
PLA2G4C,1
SGCA,3
PANX2,2
FECH,3
ZBTB11,1
PTGDR2,2
ZBTB16,6
MIR758,3
MIR204,4
MIR205,7
MIR206,12
ZBTB18,4
MTO1,1
DUSP8,1
KLHL10,1
ACVR2A,1
ACVR2B,9
KLHL15,1
DAB2IP,6
MTOR,49
DFNB47,1
TRIM63,1
MIR20B,1
TRIT1,1
ITK,4
NRF1,1
LCAT,4
C2orf88,3
ELN,18
IER3,6
HIP1,2
TRDN,3
SERTAD1,1
SNHG11,1
BIK,1
BID,5
GIN1,1
TTPA,11
KLKB1,7
MBD2,2
RDX,2
CYBB,19
CYBA,14
SLK,6
CEACAM16,3
CTNS,6
CIDEC,6
PHYH,4
NOTCH4,8
MCC,9
LCA5,8
NOTCH2,52
NOTCH3,18
C4BPA,1
TCTEX1D2,4
HSF1,2
FGFRL1,5
EGR1,17
CRLF2,4
HSF4,4
CRLF1,6
PRPF4B,1
RAPGEF5,7
RAPGEF6,1
N4BP2L2,5
RLN2,1
RLN3,1
MIR1291,6
MIR1290,6
POC1A,3
POC1B,2
MIR1296,1
PARK7,18
RORC,5
RORB,3
RORA,6
ZNF471,1
GUSB,4
ANKRD9,3
SCHLAP1,1
MDM2,13
MDM4,15
ROR2,7
ROR1,9
KIZ,2
SNRPD3,4
CPB2,1
KIT,35
MIR5196,6
SYNGR1,7
KPNA5,1
NMBR,2
KPNA3,4
KPNA2,1
KPNA1,1
PKP3,1
IFT43,2
CRP,56
RFX6,3
CRX,5
FRS2,1
ICE2,3
TNFRSF14,4
CRK,1
CRH,68
TNFRSF18,1
TNFRSF19,2
GLDN,2
GLDC,6
QPCT,3
PC,5
RTN4IP1,1
B4GALT1,1
IGHV4-34,1
CHRFAM7A,2
B4GALT5,4
B4GALT4,1
B4GALT7,4
FCN3,2
FCN2,2
FCN1,2
TRRAP,8
CR2,5
ASPSCR1,2
CR1,9
TNFRSF1B,19
LGMN,1
TNFRSF1A,34
MIR3591,6
CYP19A1,33
SULT2B1,15
GPD1L,5
FBL,3
ATCAY,1
ARNTL2,2
EHMT1,9
EHMT2,9
ADIPOR2,1
ADIPOR1,2
HPRT1,5
PTPN6,2
MARK4,1
STOX1,1
MARK1,4
MARK2,3
FOSL2,7
S100A4,12
NDUFA11,3
IGBP1,6
CD63,4
NDUFA12,3
CD69,10
CD68,10
TPD52L1,1
EFCAB11,1
EFCAB13,1
SLC18A3,5
CELA1,8
ISOC2,2
HSPA1B,14
DIO3OS,3
WDR12,4
SRP68,5
GPR50,4
WDR17,1
WDR19,9
PSCA,7
MFN1,2
LMF2,1
PPP2R1B,3
SPG29,2
USP9X,5
ZMYND15,1
WASL,6
PAEP,3
ZMYND11,1
AMBP,10
FAM83F,1
AMBN,3
VSX2,7
WNT2B,1
DGKZ,1
HSPB3,5
HSPB1,39
PKN1,3
HSPB8,7
RHOBTB1,3
DIS3L2,2
DYT15,1
DYT17,1
FAM43A,1
TNFRSF21,4
KCNE2,9
KCNE3,5
KCNE1,10
KCNE5,3
LDLRAD3,4
HPCA,1
NAV1,1
NAV3,8
NAV2,1
LIG1,2
BDP1,1
MIR4448,6
ISCU,2
IL36RN,5
ANKS3,1
BOLL,2
TRNE,3
DGKB,3
MYO1A,1
ADAMTS20,1
NKX6-2,3
NKX6-1,4
KCTD12,2
KCTD17,2
KCTD15,1
KRTAP10-8,2
MIR135B,1
ZKSCAN4,1
GLIS2,3
GLIS3,9
H6PD,2
CHCHD10,7
SLC25A37,1
BCHE,61
SLC25A30,1
GPBAR1,6
SLC25A38,5
TUBA1C,3
TUBA1B,4
TUBA1A,4
ZIM2,2
TRNV,2
FAM102B,1
WNT11,3
HCAR3,4
HCAR2,6
SCGB1A1,1
TAF6,1
TAF2,5
TAF1,5
G6PD,19
HMOX1,94
TAF9,1
DDAH2,2
POMT1,13
POMT2,14
AIF1,6
AGPS,3
ALAD,53
FOSB,16
STOM,1
PDXK,7
CLTCL1,2
RNANC,1
LGALS14,1
BCL10,24
UGT3A2,1
PDCD6,2
PDCD4,2
PDCD2,1
TCF21,2
PDCD1,1
OBSL1,5
FUZ,16
HDLBP,2
DSG2,7
ERP44,1
SERPINF1,11
ARFGEF1,1
ARFGEF2,5
SERPINF2,2
GCAT,1
GHSR,5
VPS26A,1
SREBF2,8
SREBF1,12
OXCT1,6
C5,5
RHCE,3
STAC,1
CIC,18
KARS,3
RAB39B,10
FBXO44,3
PRKCG,15
IL12B,27
IL12A,14
IRAK1BP1,2
PDE9A,1
CIT,2
BPY2,1
MIR770,3
DAO,6
TATDN1,1
FIGLA,1
THPO,4
LRP1B,8
DAP,1
ALDH1A2,14
MTA1,3
MTA2,2
CUBN,7
GAPDHS,7
MIR483,11
GPC2,1
GPC3,8
GPC4,3
GPC6,7
MIR485,4
HEPH,2
MIR488,2
MIR489,2
MTAP,5
BICD2,4
BBS9,11
BBS1,3
BBS2,5
BBS5,3
BBS4,4
BBS7,6
ESM1,1
SCFD1,3
ELANE,6
AGL,9
AGK,4
NIPA1,2
RUBCN,8
AGA,2
KHDC3L,3
PDCD10,2
IGKC,8
AGT,70
CRKL,4
GPR180,1
PIK3CA,83
PIK3CB,9
GPR183,3
PIK3CD,5
PIK3CG,13
ZSWIM6,3
ZSWIM9,2
KCNJ3,1
POLR3GL,1
FAM84A,2
MEG3,1
PIK3C3,2
ZNF674,1
ORM1,4
MIR128-2,1
POGLUT1,4
MAX,12
MAZ,1
PARP12,1
JPH1,1
MAG,4
MAF,10
ACLY,7
MAK,3
MAL,6
EVL,4
ALDH3A2,3
EVC,4
EDC3,1
MGST1,1
BACH2,14
Mar-02,2
PAM16,2
LSR,3
LSS,7
JAGN1,2
Mar-08,1
KCNIP3,1
PRSS56,7
MPV17,13
LIN28B,1
FAM136A,1
ANAPC1,1
HMCN1,1
ANAPC5,1
ANAPC4,1
RPS6KA1,1
RPS6KA2,2
RPS6KA3,10
RPS6KA4,1
RPS6KA5,2
RPS6KA6,2
PSMD13,1
PSMD12,1
FTCD,4
UTP20,1
ASAP3,1
GANAB,4
VAPB,4
VAPA,1
NPHP3,10
NPHP1,7
NPHP4,6
CTH,3
KRT15,2
ARF1,2
MOBP,6
IRF2,1
MYLK4,2
MYLK2,5
MYLK3,1
SCN4A,22
PQLC3,2
LINC00673,2
PQLC1,1
LOR,4
BPIFA2,4
BPIFA1,4
METTL23,4
SPP1,48
ARHGEF10,5
IFIH1,17
HMGB3,2
EEF1A1,5
EEF1A2,5
FYCO1,5
ARL11,6
RAB2A,2
SPNS3,1
GCHFR,1
WDR45B,5
AASS,6
KIF4A,1
CLIP2,1
CLIP1,1
ETNK1,6
RGS12,1
MIR219A2,1
MIR219A1,2
ERMARD,4
CD48,2
CD44,23
CD46,4
CD40,18
HIKESHI,4
FPGT,6
FPGS,16
VMA21,2
TPSAB1,4
RAB21,1
EIF4E3,1
RAB23,4
TBL1X,3
RAB28,2
GLRA2,1
GLRA1,16
DZIP1L,2
FAR1,1
WDR73,4
WDR72,3
WDR74,1
WDR77,2
CD74,5
AGMO,1
NQO2,12
CDO1,3
NQO1,34
PRPF8,4
PRPF3,2
PRPF4,6
PRPF6,2
RFC4,2
ZFP64,1
PIP4K2A,5
PIP4K2C,2
HMGA1,8
IL31RA,5
ARL14EP,3
LEFTY2,8
ARRDC3,2
RAB27A,1
CSAD,1
RABGAP1L,1
ELK3,2
CDON,7
LSAMP,3
PAK5,4
PAK6,3
MIR543,3
MIR542,2
PAK2,1
PAK3,4
NSDHL,4
NUBPL,6
GAST,16
OR4C13,6
CYP2D6,35
RPRM,3
CALCRL,1
MFSD2A,11
DMBT1,2
PRKG1,8
PRKG2,1
TRAF3IP3,1
TRAF3IP2,7
TNS1,1
TNS4,1
CA3,4
MRE11,12
NAXE,2
NAXD,2
PMEPA1,1
FASTKD2,2
CLN8,3
CALML3,1
GLYCTK,4
TRIM8,1
CREM,12
SHISA3,1
COX10,7
GAS2,2
TRIM5,1
COX15,13
GAS7,1
GAS6,7
PDGFRB,15
PDGFRA,29
PIGV,1
AIDA,1
SCN10A,17
PDGFRL,5
TMSB10,4
PPA2,2
PPA1,1
MCTP2,4
NUP62,1
ALCAM,3
TPM4,12
CSF1R,11
TPM2,19
TPM1,14
FBXW8,1
SIPA1,1
TAGLN,5
FBXW7,16
ETFA,11
TGFBR2,51
TGFBR1,26
ETFB,8
SH3RF3,2
TPMT,4
ATXN8OS,1
TJP2,5
TJP3,1
SRP72,11
PPAN,1
PPAT,4
BABAM1,2
SH3PXD2B,4
TUB,2
SH3PXD2A,6
LYSMD3,4
DCXR,4
AGRP,1
AGRN,9
NFYA,1
RABL6,3
SMARCA1,2
SMARCA2,5
MIR181D,4
SMARCA4,23
SMARCA5,1
MIR96,1
MIR93,10
FYN,13
MIR98,7
TOR1A,20
TOR1B,1
EBP,8
CCT6B,2
XAGE1A,1
ASCL1,7
RUFY1,1
RUFY3,5
FCGR2B,4
FCGR2C,1
FCGR2A,9
NLE1,1
OLA1,1
SKIL,8
GCGR,2
DPH1,2
MYH7B,1
SPAST,5
CALCR,6
AGR2,3
CANT1,5
CALCA,37
CKB,13
CKM,4
UNG,7
PECR,3
PAH,9
PAM,17
DCN,7
GPAM,5
ACSM1,4
ACSM3,1
THRB,6
DCC,19
THRA,6
TAF4B,1
DCX,9
CUL5,2
CUL7,10
DCR,4
CUL1,5
CUL3,3
TRIM29,1
PNKP,23
CDH20,1
CDH22,2
TRIM27,1
TRIM22,1
PER3,11
PER2,12
PER1,8
PNKD,7
GNPAT,4
KAT8,7
FCER2,3
KAT5,1
ARCN1,2
F2R,8
IHH,9
B3GLCT,3
TECTA,3
AES,1
GBA,27
GNAO1,6
SP140,2
GAPDH,15
DNAJC21,7
NTSR1,3
ARHGAP9,2
ARHGAP4,1
ICOSLG,2
ARHGAP1,1
AEN,1
SPRTN,3
PRLR,9
ZFP36,8
PPP6C,4
ANXA11,2
ANXA10,2
SLA,2
MRPL3,2
ZFAT,1
MRPL9,2
MOS,1
SLC3A1,6
MOK,1
B4GAT1,10
EIF4EBP1,8
MOG,7
BAG3,9
BAG1,8
BAG5,1
KMO,6
SH2D1A,1
MSRB1,1
MSRB3,1
CTDP1,4
NTRK3,22
CD79B,6
MEOX1,3
MEOX2,2
CD79A,5
ARHGAP23,2
ATXN1L,7
GMFG,1
CBLN2,2
ZNF385D,7
PDHA1,15
COL4A3BP,2
ERCC6,32
ATXN10,1
FSCN2,2
TCAP,9
NLRP14,1
RPS6KC1,3
TMPO,4
IDO1,10
CAMK1G,4
LDHAL6B,2
ECM2,1
ECM1,3
DDIT3,21
FMR1,21
FMR3,1
CALCOCO2,2
NAP1L4,1
NAP1L5,1
CATSPER2,2
RGS4,5
RGS5,3
RGS7,4
RGS1,8
RGS2,12
RGS3,1
PLAG1,3
RGS9,5
APMAP,1
PEAK1,2
MIR548B,1
IL1RAP,1
ARAP3,3
KANK2,3
RDH11,1
RDH12,4
KANK1,5
DOLK,5
MGARP,1
ADGRG2,3
NR3C2,22
CANX,1
NALCN,8
NUCB1,5
PFKM,7
HSP90AB1,2
PTP4A1,1
UBR5,7
PTP4A3,1
TNNI2,4
NUCB2,1
ZSCAN22,1
MLYCD,1
CD28,10
SUZ12,23
MRPS7,2
MRPS6,2
MRPS5,1
IFI35,3
TDRD7,6
IFI30,4
CD24,3
MYLIP,3
SPG34,2
PA2G4,2
ABHD5,2
MBTPS2,10
SPG36,2
MBTPS1,2
EIF4G1,4
SOCS2,5
NR1I3,13
FAT2,1
FAT1,12
GRB2,1
ULBP2,2
ULBP3,1
GRB7,15
FAT4,15
PSG5,1
UQCC1,1
UQCC3,3
UQCC2,2
HOXC9,1
MFSD9,1
CD151,2
UROC1,5
COL2A1,57
SLC25A32,1
COL27A1,1
LSM5,2
MIR7704,7
POLR2F,1
CCNO,3
TLK1,1
TLK2,2
CCNH,3
USP54,1
GTF3A,1
BATF2,1
BATF3,1
ASCC1,3
VPS72,1
AGO1,4
DSCAML1,2
AGO2,6
GAMT,20
MAPK14,11
MAPK15,1
PEA15,2
MAPK10,2
MAPK13,1
HPGD,11
FZD2,3
FZD3,2
FZD4,14
FZD5,4
FZD6,1
IQUB,1
CACNB3,2
CACNB2,7
CACNB1,1
CYP2B6,11
CACNB4,14
CIDEA,8
ASH1L,2
IL12A-AS1,1
CTRB2,1
AMFR,9
CTRB1,1
USO1,6
PLCD1,4
HIST1H1E,3
HIST1H1B,2
HIST1H1C,5
SRARP,1
B3GALNT2,12
SOS1,10
TACC1,2
TACC2,1
TACC3,4
JDP2,2
PICK1,6
TMEM237,5
TMEM231,7
TMEM230,2
KIF20A,2
MKI67,22
ATIC,11
GNMT,13
LPXN,1
NOTCH1,51
GNAT1,10
GNAT3,1
GNAT2,10
BCL2L11,3
ESCO2,6
SNORA16B,3
CTU2,2
CTU1,2
MSX1,20
MSX2,5
HSD11B2,11
ZNF559,2
ISYNA1,5
SHOX,6
MIR149,6
GTF2H5,3
ALDH1B1,3
KAT6A,11
MIR638,1
PCDH8,3
PCDH9,1
DBX1,2
TAB2,2
TAB1,2
RPL35,2
RPL31,3
CHD8,4
ATF5,1
ATF4,8
ATF6,17
ATF1,3
ATF3,21
ATF2,1
SMARCC1,8
RYK,3
BUB1B,18
SUMO1,6
TMCO1,10
CTTNBP2,2
SUMO4,1
KIAA0319,3
EEF2K,1
LHX1,1
LHX2,1
LHX3,5
LHX4,6
LHX5,1
BLOC1S1,1
PTGER4,9
PTGER1,9
PTGER2,6
PTGER3,10
NADK2,1
B3GALT6,5
B3GALT1,1
SLC38A2,1
SLC38A9,1
SLC38A8,2
OCA5,1
STK3,1
STK4,1
CSF3R,10
OCA2,4
CXCL11,3
CXCL10,29
CXCL13,2
CXCL12,11
CXCL14,9
CXCL16,1
HCN1,23
HCN3,1
HCN2,1
HCN4,8
YBX1,4
RAPGEF2,10
LRIT3,9
RAPGEF3,7
PTGDR,1
PTGDS,2
STIP1,2
DRP2,1
PIKFYVE,1
PEPD,6
TBC1D23,1
ZIC5,8
ZIC2,16
ZIC3,12
ANKS6,10
ZIC1,10
TNFRSF4,1
GUCY2C,5
GUCY2D,7
GUCY2F,4
SENP6,1
ING4,3
ING1,9
ING3,1
INS,99
SELENBP1,21
WDFY3,2
GFPT1,8
INA,4
ECHDC1,7
ACP4,3
MIR191,6
MIR192,8
MIR195,7
ACP2,1
MIR197,2
SNIP1,1
GLA,8
SLC2A13,4
SLC2A10,7
ANKRD35,1
GLS,5
NCOA2,3
NCOA3,26
NCOA1,5
NCOA6,3
TMEM17,1
NCOA4,4
COX20,1
PRAME,22
TMEM18,2
NT5C3A,4
CISH,4
MECR,1
MIR99B,5
BSG,3
RIF1,1
PPM1D,8
PLSCR4,2
RNR2,1
PRDM12,5
RNR1,8
SLC27A2,1
AK9,1
ACPP,3
AK2,8
TBCE,7
TBCD,3
TBCA,1
AK4,2
MIR19A,8
OXTR,8
MME,32
SARS,1
NCKAP1L,1
HNF4A,8
OR1N1,1
GEN1,3
ERF,20
ERG,10
SH2D3A,1
HAND2,3
HERPUD2,3
HERPUD1,2
ABCC5,4
CELP,1
TRA2A,5
TRA2B,1
SIM2,2
SLC24A4,4
PRSS12,1
FBN2,9
SLC24A3,2
NCR1,1
SLC24A1,8
MEX3C,3
AOAH,2
IL17RC,3
BTRC,1
BAAT,4
ITLN1,2
SCN1B,14
PET100,2
SCN1A,37
SFTPD,3
SFTPB,5
SFTPC,9
SPTB,10
IMPDH1,5
NECAP1,2
TMEM185A,1
IFNLR1,2
DEFA6,1
MTMR8,1
MTMR7,1
DEFA3,1
MTMR4,1
MTMR3,1
MTMR2,2
MTMR1,1
TSC22D1,7
TSC22D3,5
TSC22D4,1
FCHSD2,3
JAG1,22
HIGD2A,1
TRAIP,7
ASIP,4
NOBOX,1
EXOSC8,3
BCKDK,1
EXOSC2,2
EXOSC3,5
IBSP,2
EXOSC5,2
ADAMTSL2,10
ADAMTSL3,2
ADAMTSL4,7
TULP3,1
TULP1,4
NID2,2
NID1,2
TACSTD2,3
INCENP,1
FARP2,2
EDAR,5
FARP1,5
BTG3,10
Sep-11,3
Sep-12,1
Sep-14,4
DEPDC7,1
DEPDC5,5
PSMB10,2
PAOX,1
SCYL2,1
SCYL1,9
STXBP1,16
STXBP2,2
ELOC,6
OSTM1,3
SKP2,10
DAW1,1
S1PR2,5
S1PR1,5
S1PR5,4
S1PR4,3
FANCG,11
FANCF,10
FANCE,10
FANCC,19
FANCB,12
FANCA,20
FANCM,7
FANCL,8
FANCI,8
HAS3,2
CA5A,1
GPN1,1
F13B,2
HNRNPA3,1
HNRNPA1,9
ADGRD2,2
DMXL1,3
MC5R,2
RACK1,4
KNSTRN,1
TMEM30B,1
LRRFIP1,2
MIR505,9
IRS4,1
IRS1,15
IRS2,14
CDK1,3
HOXA5,2
HOXA4,1
CDK4,19
CDK5,4
CDK6,27
OGT,1
IGLL1,4
LPAR1,8
LPAR6,5
HAPLN3,1
CEP57,3
CEP55,4
LIMS2,1
RAP2A,1
CA4,2
RERE,5
RGL1,1
SUN5,1
HSPD1,29
NFKBIL1,1
PRKCI,4
PRKCH,11
LIAS,2
PRKCA,15
PRKCB,13
PRKCE,15
PRKCD,32
ELOA2,1
HIST1H3B,6
HIST1H3C,1
HIST1H3A,7
HIST1H3F,1
HIST1H3G,1
HIST1H3D,1
HIST1H3E,1
PRKCQ,10
HIST1H3H,1
HIST1H3I,1
SLC6A20,3
ACKR4,1
ACKR1,1
ACKR3,6
SCRIB,2
TYMS,43
TYMP,17
ROBO2,8
MIR5588,6
GPER1,2
TPI1,26
CCDC91,4
CCDC92,2
CCDC93,1
MIA,2
ZNF572,1
TRPV4,40
TRPV6,2
TRPV1,10
MAP3K20,2
PRTN3,2
CTSH,10
IARS,4
CTSL,28
CTSA,2
CTSB,12
CTSC,10
CTSD,16
CTSE,7
CTSF,1
KCNAB2,4
RPL14,7
POSTN,7
CTSZ,4
RPL17,1
RPL10,4
RPL11,6
RPL12,1
RPL13,3
FGFR4,5
CTSS,3
RPL18,5
RPL19,1
CCDC9B,1
FGFR1,75
CXCL1,20
CXCL3,7
PCYT1B,3
CXCL5,4
CXCL6,3
CXCL9,19
CXCL8,77
SYP,13
AMMECR1,2
PRRX1,7
TNRC6B,2
HOXD1,4
EMD,8
RGR,2
TNNC2,2
EMB,2
PDZK1IP1,1
FBLN2,2
RGN,12
STIL,5
AFF4,2
AFF3,5
AFF2,4
PDPN,2
CARD9,4
CARD8,1
ALDH16A1,3
THRSP,3
STK40,1
ERP29,3
PSMB8,3
PHKA1,1
GCKR,1
PHKA2,4
UBA7,1
UBA5,17
UBA1,3
ABCA10,2
UBE2H,2
ABCA12,10
ABCA13,4
TAGAP,8
UBE2A,2
UBE2C,2
ADAMTS2,4
NRROS,1
UBE2T,7
TOP3B,1
PTGFR,2
ARHGEF5,1
LIPT2,2
LIPT1,1
ILK,15
FOXO3,11
CDH9,1
CDH8,1
TALDO1,12
PDE3A,3
BMP2K,1
PDE3B,2
C1orf87,1
GRM7,14
LFNG,3
PENK,14
MORF4L1,1
COCH,2
NDUFA2,9
NDUFA3,1
NDUFA1,3
NDUFA8,1
NDUFA9,9
PNOC,11
GPR68,4
MAEA,1
CDH2,12
TBL1XR1,13
SNRK,2
ASMT,5
IL6,183
IL7,4
IL4,40
IL5,11
IL2,42
IL3,6
IL9,2
DTX4,2
SAT1,13
DTX1,9
DTX2,5
DTX3,2
BIRC7,6
BIRC5,32
JARID2,2
EIF5,2
EIF6,3
LINC00977,1
GNE,9
TXNL4A,2
RB1CC1,3
INSM1,1
ANKRD11,4
TMEM37,3
AKR1E2,1
NSF,2
NUTM2E,1
NUTM2B,2
NUTM2A,1
NT5C2,5
POU3F3,2
POU3F2,1
POU3F1,3
OTOP2,1
POU3F4,1
FAM53B,1
HPGDS,7
SDS,1
ANO10,8
POGZ,2
GSTCD,1
PRUNE2,1
PRUNE1,2
CRIM1,1
MIR203A,2
DHDDS,2
TIMP4,2
TIMP3,10
TIMP2,8
EPX,1
NRCAM,8
PARN,6
PARL,1
MCF2L2,2
EPO,55
PI4K2B,2
MLH1,25
NHLRC1,11
LYZ,2
SYCE1,2
CGREF1,1
SUSD3,1
SLC26A10,1
PSORS1C1,2
PSORS1C2,1
PTX3,9
SEMA7A,1
IP6K2,4
BRINP1,1
OTUD6B,1
BRSK1,3
TLR2,19
TLR3,5
DDX6,1
TLR1,2
TLR6,1
TLR7,4
TLR4,60
TLR5,6
TLR8,2
TLR9,10
SCN3A,3
SCN3B,4
HLA-J,1
ZNF217,1
SLC7A8,2
SLC7A9,4
HLA-C,17
HLA-B,32
TRAK1,2
SLC7A5,2
HLA-G,2
HLA-E,7
NFKBIE,4
NFKBIZ,3
SPRR1A,4
ARID4B,1
CRYZ,1
AMER1,3
AMER2,1
NR5A2,3
TFE3,10
DLX4,2
DLX5,2
DLX6,1
MYD88,21
UBXN1,2
DLX3,4
ACVRL1,8
TFEC,2
TFEB,1
HLA-DRA,6
SYNPO2,1
HIST1H2BG,4
HIST1H2BC,3
HIST1H2BM,2
KIAA1109,3
HIST1H2BJ,1
HIST1H2BK,2
TNFAIP8,5
VAV1,9
VAV3,2
TNFAIP6,19
TNFAIP1,2
TNFAIP3,22
TNFAIP2,1
RNPC3,1
IPO7,1
IPO4,1
IPO5,2
NRBP1,1
DTX3L,1
SMCHD1,5
JAZF1,6
SDCBP,2
SNX18,6
LMBR1,12
RAB8B,1
TP63,41
RAB8A,1
MARS2,3
MGAT5B,2
MIR4435-2HG,1
PAQR9,1
GABPB1,1
SHPK,1
ANKRD34A,1
PAQR4,1
CRHBP,8
FERMT2,2
FERMT3,4
FERMT1,3
FADS1,11
FADS2,11
SIL1,10
WWTR1,1
DGUOK,9
CSE1L,1
SP8,2
PRPH2,15
AMZ2P1,2
PLOD2,14
PLOD3,3
PLOD1,8
SGF29,6
ARHGEF10L,1
DNASE1,3
USP6NL,1
KLHDC8B,2
RAD21,17
ANLN,5
ADGRF4,2
USP13,5
ALDH6A1,4
NR2E1,3
NR2E3,4
SSBP1,5
USP18,10
SSBP2,1
SDHC,11
INPP1,1
GFI1,14
IL27RA,2
UNC45B,4
BHLHA9,4
PLA2G12A,1
ESPN,5
JPH2,3
JPH3,4
VPS8,1
UBAC2,1
TYK2,23
OR12D3,1
RETN,11
MIR335,11
SLITRK6,2
ARHGEF11,1
SLITRK5,1
SLITRK2,1
SLITRK1,2
ARHGEF18,2
MIR337,13
PAPPA,9
FXR1,1
SGK3,1
SHCBP1,2
SBF1,2
D2HGDH,5
LDAH,1
RHBDD3,4
MIR212,6
KLC2,1
CEP78,2
MIR376A2,3
MIR376A1,3
URM1,2
TPK1,1
BAZ2A,1
TST,3
MIR214,4
CHCHD2,2
CHCHD3,4
CYP11A1,22
TANK,2
MST1,10
ZNF513,2
GDF15,14
HNMT,5
GDF11,1
GDF10,3
TSPYL4,1
CYP3A43,1
TSPYL1,1
TSPYL2,1
RPH3AL,1
IAPP,5
SLC39A8,2
MSTN,6
SLC39A1,1
SLC39A3,2
SLC39A4,4
GABPA,2
SLC39A6,4
PSIP1,3
GZMA,1
GZMB,3
MTHFD1L,1
VWF,29
EPDR1,1
MYH10,2
MYH11,13
MYH13,2
MYH14,6
PPP2R1A,6
HYKK,1
MAP4K3,1
RET,46
REN,36
REL,14
DYSF,11
CREG1,1
HMBS,5
SLC30A10,20
ROM1,2
SP7,3
LEF1,5
LMBRD1,1
TMEM63A,2
MTFMT,1
SI,1
USP9Y,2
GPD1,1
GREB1L,2
RBM7,1
RBM3,3
B4GALNT1,2
B4GALNT2,1
CAT,118
AP1S1,3
AP1S2,6
AP1S3,4
NDE1,11
CAD,11
PGF,1
PGD,1
PDE1C,4
PDE1B,4
DYM,6
DEFA5,5
DEFA4,1
PGR,41
PGP,1
IVNS1ABP,1
NUMBL,1
COA5,4
COA7,1
COA6,2
BMI1,9
COA3,1
DCSTAMP,5
SEPSECS,4
GPR45,1
NRP1,5
NRP2,14
DMXL2,3
ARSE,2
CA9,5
CA8,6
MIR365B,1
MIR365A,1
HEXA,14
CA2,15
CA1,10
HEXB,12
ARSI,1
ARMCX1,1
RBMX,1
FUT7,2
NEFM,5
FUT2,6
COX3,8
FUT8,1
GHR,6
GHS,1
GSTA4,2
GMIP,2
GSTA1,8
GSTA2,1
MIF,34
NLGN2,1
MIP,9
FBLN1,4
FBLN5,18
STRAP,2
CBFB,8
PLXND1,3
OSBPL5,1
STRA6,10
PEX11A,6
PUF60,5
PEX11B,10
CGNL1,1
PAFAH1B1,10
GH1,20
GH2,1
SFN,7
NLGN1,2
CYLD,10
EID1,1
HCRTR1,6
GATAD1,3
HCRTR2,2
STARD10,1
DMRT1,8
GHRHR,3
STARD13,1
PROS1,13
CRADD,7
ADAR,12
NRGN,3
MIR331,5
SF3A1,1
SF3A3,1
MIR338,10
MIR339,6
MT1G,1
MT1A,15
MIR33B,7
ADA2,2
ALYREF,1
ZNF25,1
ZNF23,1
ZNF22,1
BLVRB,3
BLVRA,3
EPOR,9
SEMA5B,1
SEMA5A,3
SH3TC2,3
SH3TC1,2
BBS10,3
BBS12,3
HS6ST1,3
SCN5A,27
CAPZB,4
ZNF232,1
CNBP,3
RNF113A,2
INTS13,2
RANBP9,1
RANBP1,5
RANBP2,2
TXN2,4
AGAP2,1
TAPT1,2
ISPD,20
TSPO,8
DYT13,1
ARNT,17
CSPP1,4
SLC23A1,3
GDPD3,1
BASP1,3
SLC23A2,1
SLAMF9,1
SLAMF1,1
TGFB1,119
TGFB2,17
TGFB3,14
PUS1,6
PON1,82
FGD6,2
HOXD4,3
F13A1,6
FKRP,14
YWHAZ,6
NOP58,1
NOP56,11
NOP53,2
ETS2,3
YWHAH,5
ETS1,4
FCRL3,3
YWHAG,3
YWHAE,6
SSNA1,1
CHRM5,5
CHRM4,5
CHRM3,18
CHRM2,32
CHRM1,25
MGAT2,2
MIR22HG,3
MGAT5,1
SLC20A2,3
SLC20A1,5
CHST15,1
CHST14,9
VAMP7,3
VAMP8,3
ROCK2,1
MMP8,5
MMP9,97
TGFBI,13
MMP2,59
MMP3,26
MMP1,21
MERTK,13
GNPTAB,8
AGER,15
PODXL,6
BBOF1,2
PECAM1,2
CBFA2T3,1
IRF2BP2,1
VSX1,11
DIO1,2
MC1R,10
VRK1,6
H3F3A,13
VRK2,1
CRYL1,2
WNK3,4
LRRC6,3
LRRC7,3
WNK4,10
NR2C2,2
NR2C1,2
MEFV,8
SHMT2,1
SHMT1,14
PLD4,2
CYREN,1
MORN1,2
PLD1,9
PLD2,2
PLD3,1
PPFIBP1,1
PPFIBP2,1
RUNX2,15
RUNX3,22
APOBEC1,1
RUNX1,21
HHIPL1,2
DOCK8,7
DOCK9,1
GRIA2,14
ZNF75A,1
GRIA1,13
DOCK6,2
DOCK7,3
GRIA4,9
UHRF1BP1,2
TNFRSF12A,5
FAM184A,4
FAM184B,4
SLC9A6,6
HSPH1,1
SLC9A2,1
SLC9A3,6
LIM2,5
JUN,35
SLC23A3,1
PLEKHB1,1
JUP,9
SCNN1B,14
SCNN1A,18
PLCB1,10
PLCB4,4
PSD3,8
ARHGEF38,1
GIMAP1,1
ESR2,51
ESR1,77
RHBDF2,3
ZNF750,2
CEP19,1
MSMO1,5
MYOM1,1
NDST3,3
EARS2,3
MMADHC,4
TBX3,12
TBX1,18
FBXO4,1
CTNND2,11
TBX4,8
FBXO7,2
FBXO8,1
FBXO9,1
A2M,22
LIG4,7
ZNF536,6
HACE1,2
ZNF530,1
ZNF532,1
CSNK1D,7
SPHK2,12
CSNK1E,4
TAL1,4
TAL2,3
LIG3,1
DBR1,3
NT5DC1,1
LCE2B,1
PRRT1,1
MEGF8,4
ATL1,7
PRRT2,11
RUSC2,2
EZH2,31
TBXT,11
PPIF,1
PPID,1
PPIC,2
PPIB,6
PPIA,6
CAMSAP1,3
SLC5A7,11
CORO1B,1
CORO1C,2
CORO1A,5
MIR17,10
PIN1,2
MID2,2
MID1,3
DCPS,1
WASF1,1
WASF3,4
FAS,47
CFAP45,1
NPAS3,5
PTHLH,17
NPAS1,2
FAH,6
AHSA2P,1
HNRNPA2B1,3
HS3ST3B1,2
RSRP1,1
DUX4L1,1
CELA3B,1
SORT1,2
AP4E1,7
TSEN34,16
PURA,2
PURG,1
PIBF1,1
HECTD4,2
MAN2B1,4
CCS,4
LZTFL1,3
CCDC28B,1
OAT,4
CCK,28
FSTL5,1
FSTL1,6
PDE7B,1
FLII,1
PIP,1
PIR,1
COG8,2
COG3,1
COG2,1
COG1,1
FLI1,16
COG6,3
COG5,1
COG4,2
IGHMBP2,4
PCARE,2
PI3,1
GPR27,1
KCNMB1,1
CSPG5,1
GSK3A,11
GSK3B,40
UBD,6
MSTO1,1
UBB,5
CFTR,30
ANKRD55,3
SPECC1L,5
AKR1A1,5
NPRL3,3
NPRL2,4
PLXNB1,1
ATAD3A,2
AMN,7
ZKSCAN3,2
KBTBD8,1
GUCY1A1,8
GUCY1A2,4
CYP21A2,5
LZTS2,2
AMT,5
LZTS1,5
SIRT3,3
SIRT2,1
SIRT1,54
SIRT7,4
SIRT5,1
GLRB,3
FSD1,2
HOPX,1
RBM26,1
HECW2,2
MIR139,2
MIR136,8
MIR137,4
MIR134,5
MIR132,9
NEURL1,2
RBM28,1
RFWD3,2
EPHA8,5
EPHA7,4
EPHA5,3
EPHA4,3
EPHA3,6
EPHA2,12
EPHA1,9
LOXHD1,1
FGF19,1
TRMT5,1
KDM6A,18
KDM6B,4
FGF13,2
FGF12,2
FGF10,11
FGF17,6
FGF16,2
FGF14,3
VAMP1,5
COL9A2,10
COL9A3,9
COL9A1,18
CC2D2A,13
VAMP2,3
PRTG,1
CD200R1,1
SEMA3A,5
SEMA3C,3
SEMA3B,1
SEMA3E,4
SEMA3D,4
SEMA3F,1
ARHGAP11A,1
MIR125A,4
DESI2,2
SCA20,1
ARL2,1
SCA25,1
ARL6,6
RRM2,6
RRM1,12
ZC3H12C,2
TSR2,4
TH,28
TF,36
TG,4
KCNJ13,3
KCNJ11,38
KCNJ10,7
TFAM,13
NAGS,1
KCNJ15,4
MLXIPL,3
KCNJ18,1
AR,47
MMP7,4
NAGK,2
DAZAP1,3
SS18,1
C1QTNF3,1
C1QTNF6,4
C1QTNF5,2
KCNT1,23
CREB3L3,1
CYP3A5,5
KCNT2,1
CREB3L4,1
CARTPT,13
PGAP1,2
PGAP3,2
PGAP2,2
THBS2,3
WLS,1
MFAP5,5
MFAP4,1
RARS2,5
THBS1,15
TWNK,8
NDUFB9,2
NDUFB8,5
CDC42SE2,1
CDC42SE1,1
OFD1,15
VAC14,2
APRT,15
SULT1E1,11
GYPA,2
GYPB,1
GYPC,2
GYPE,2
ZFYVE26,5
SNAP25,23
L2HGDH,11
SNAP23,2
RAB33B,2
SNAP29,5
PIDD1,6
PRR13,2
LACTB,1
TNFSF13,5
TNFSF12,2
TNFSF11,14
TNFSF10,35
TNFSF15,3
BBOX1,1
SFXN4,1
SFXN1,3
CRYBA2,4
CRYBA1,6
CRYBA4,3
IFNL3,9
CCT2,4
CCT3,1
CCT7,3
CCT5,8
TIMM10,2
OPCML,6
CX3CL1,9
CCL3L3,5
STAG1,6
TICRR,1
MC3R,1
AKTIP,1
GINGF2,1
GFM1,3
COL22A1,1
RIPPLY2,3
ERVK-18,1
WDPCP,6
CROT,1
TNFRSF10C,3
TNFRSF10B,11
TNFRSF10A,16
SLC4A1,17
SLC4A2,11
CLCA2,2
DCTN1,16
CLCA4,1
DCTN5,1
RPS4Y2,1
ASPG,5
ASPA,9
CIITA,8
ASPN,4
ASPH,1
PLCL2,1
NMT2,2
MXRA5,4
UBIAD1,2
LSP1,4
C1GALT1C1,1
SSTR1,9
SSTR3,9
SSTR2,23
SSTR5,10
SSTR4,7
A2ML1,2
MARS,4
MAPRE2,2
LDLRAP1,3
TRAK2,1
TOM1,2
IGSF6,2
SPARCL1,5
IGSF3,1
CTNNB1,92
MYOC,10
CHI3L1,9
LRRC4,1
NHS,8
CNOT3,2
APOL6,1
AARS2,6
APOL4,1
APOL2,8
APOL1,3
ITGB1,12
NOS1,53
ITGB3,23
ITGB2,18
ITGB5,3
ITGB4,24
ITGB6,13
ITGB8,2
YARS2,4
ATN1,7
TOB1,3
LCP1,5
AQP9,13
SLC37A4,4
MYO6,10
TNIP1,11
KCNA10,1
AICDA,6
MIR31,2
GNPDA2,1
GNPDA1,1
MAT1A,10
MAN1B1,4
CDK14,2
GCM2,8
EGF,30
LBP,13
LBR,6
RAN,6
CFAP65,1
FGR,1
SLC12A5,33
MRO,1
SLC12A7,1
SLC12A6,3
SLC12A1,2
SLC12A3,1
SLC12A2,14
LBH,1
FGG,7
FGA,24
FGB,10
EXT2,7
EXT1,7
DAOA-AS1,4
RFLNB,1
ACIN1,1
ATP1B2,4
ATP1B1,8
TFB1M,2
LY96,7
TESK1,1
TESK2,2
CCNG1,2
TSEN15,3
ALDH5A1,22
OSBP,1
MIR487A,3
SNX7,1
SNX5,2
RPL27A,2
SNX8,1
WHRN,4
MIR3615,7
CCDC126,1
SLC11A2,8
SLC11A1,34
KHSRP,1
TIMELESS,4
CCDC129,1
STK26,1
ITPKC,2
PHKG2,1
PHKG1,2
PKM,8
ORAI1,13
STH,1
DLAT,2
UHRF1BP1L,3
TUBB2A,11
TUBB2B,11
HIST3H3,5
RNASEH2A,6
RNASEH2C,5
RNASEH2B,7
MAOB,29
MAOA,36
NEIL1,9
HNRNPR,2
MUT,5
PIWIL4,1
PIWIL3,1
PIWIL1,4
MED28,2
AHI1,12
FABP7,5
FABP4,5
FABP5,3
PGAM2,2
FABP3,1
CHAT,24
PGAM1,14
AKR1C4,7
GABRA4,4
MESP2,3
GABRA6,13
GABRA1,23
AKR1C1,13
AKR1C2,14
AKR1C3,18
SNCAIP,2
C1QBP,3
DOCK2,2
RRP9,3
HNRNPL,4
ENAH,3
ASL,2
ATP6V0B,1
JCAD,2
DOCK1,4
MIR196B,3
GKN1,10
COL5A2,10
COL5A3,1
COL5A1,14
LAMP3,1
DOCK4,1
EP300,34
TAAR6,2
TAAR1,1
NPY5R,3
TCF20,1
ALDH2,17
RCE1,1
NEU1,13
UVSSA,3
ARMS2,2
SCN9A,37
RPRD1A,1
VSTM4,1
PATJ,5
CXorf36,2
OPRL1,4
MIR375,2
MIR377,5
MIR370,6
ASAH1,7
RAD54B,12
AIFM1,25
RAD54L,14
MIR379,4
FASTK,1
DVL3,2
ABCB1,52
DVL1,1
MED14,3
ABCB6,16
MED16,2
MED17,5
ABCB8,1
JSRP1,2
PSME4,1
PSME2,3
PSME3,1
PSME1,5
MTSS1,5
SYDE1,1
SLC9A1,13
TOPBP1,1
TLX1,2
TLX3,1
GOLGB1,1
ADH1B,19
ADH1A,1
CEBPA-DT,2
MUSK,9
PMAIP1,5
SLC9A8,3
TGM2,23
MIR138-1,2
SLC30A9,1
SLC30A8,2
SLC30A4,8
SLC30A7,1
SLC30A6,7
SLC30A1,14
SLC30A3,1
SLC30A2,1
SNRNP200,3
EML2,1
GADD45A,18
GADD45B,6
EML1,5
EML4,7
EML5,1
TAGLN2,16
TAGLN3,1
GJD2,4
ADM2,1
HLA-DPB1,27
HLA-DPB2,4
CETP,9
NARS2,9
NAIP,4
MIPOL1,1
GMPR,3
RSPO3,2
RSPO1,6
CNN3,4
CNN2,6
DHODH,9
ZNF277,1
NCAPH,1
DIAPH2-AS1,1
KCNV2,1
SNTA1,10
NOP10,4
ITGA10,1
RXYLT1,6
NOP16,1
EPHB6,3
EIF5A,3
CCKBR,6
MAML2,3
MAML3,4
NONO,4
TRPM8,8
TRPM4,4
TRPM6,5
TRPM7,15
TRPM1,10
TRPM2,6
TRPM3,2
SULT1C3,6
TUBB8,1
LARGE1,16
TUBB3,10
TUBB1,4
FAN1,4
HERC3,1
HERC2,10
HERC5,4
HERC6,1
C19orf70,1
APTX,2
MIR4482,1
SH3BGRL3,1
SH3BGRL2,3
PEX5L,4
NYNRIN,1
FNDC4,1
C11orf68,1
SLCO2B1,1
TFDP2,1
TFDP1,3
MKNK1,4
B3GNT9,1
CCR1,7
OLFM1,1
CCR3,13
CCR4,9
CCR5,15
CDSN,2
OLFM4,2
CCR8,7
CCR9,11
RAF1,30
BCAS1,1
DRAM1,1
DRAM2,2
CD81,4
CD80,6
CD83,10
CD82,2
CD84,1
IFNB1,28
RPL13A,1
BEAN1,1
SLC8A1,23
SLC8A3,22
BCL7C,5
ZBED1,1
SCP2,10
EFNA5,1
EFNA4,1
EFNA1,2
MIR589,7
CD8A,4
CD8B,3
LRP2,12
PORCN,3
LRP1,15
LRP6,6
LRP4,13
LRP5,19
CDS1,10
LRP8,5
CALR3,2
HARS2,2
STIM1,17
STIM2,1
ANTXR1,2
CDKN2C,4
LIMK2,1
LIMK1,1
S100P,2
MAP2,9
C8A,4
C8B,7
MAP6,2
CFM1,1
C8G,1
UCN2,6
TEAD2,2
TEAD1,1
NEXMIF,2
S100B,27
PTPN22,15
PTPN23,2
PTPN21,1
PLEKHF1,2
CHIT1,4
PPL,1
APEX1,21
SERPINI1,9
SPOCD1,1
KMT2C,22
KMT2B,16
KMT2A,35
ESRRA,6
KMT2E,3
KMT2D,25
MRPL19,2
PSMC3IP,4
CLEC11A,1
EPHA10,2
THG1L,1
DMRTA1,1
ZNF711,3
FGF23,6
YY1AP1,1
TOM1L1,1
HLA-DQA1,21
HLA-DQA2,1
ASB10,1
GSS,9
KLRB1,1
LRPPRC,1
RPP38,1
DHCR7,13
CASP10,21
MIR1193,3
GSC,2
AFG3L2,17
CASP14,1
MIR1197,3
UTS2R,1
MSR1,5
CEMIP2,1
NBEAL2,2
HELLPAR,1
MYMK,4
NSMF,7
MPST,1
RPIA,1
PTBP1,3
NNT,3
CD163L1,1
FAM19A4,2
HK2,3
HK3,2
HK1,12
CACNA2D2,14
ATP2B3,10
ATP2B2,1
CACNA2D4,3
HAL,2
FDPS,2
TFPI2,12
MSRA,5
MOB3A,1
TBX6,2
TNF,226
RAET1L,1
CTNND1,1
PABPC1,4
MACF1,1
PABPC4,1
BCORL1,5
EED,8
MAPKAPK3,4
PDHX,5
PIK3R5,3
PIK3R4,1
PIK3R2,10
PIK3R1,19
PDHB,11
SAMD9,8
PTPRN2,1
TIAL1,1
SLC10A2,6
TMEM38B,9
HEXIM1,1
DENND5A,3
PTCRA,2
GPC1,2
RHD,5
SLC51A,4
SLC51B,4
FAM111B,8
GCSH,5
TOMM40L,1
RAB3A,5
CCL3,21
SHROOM2,1
IDS,5
RPL37A,2
IDE,8
NCAM1,10
SORL1,20
TICAM1,7
TICAM2,1
DROSHA,4
GUF1,2
CGA,7
POLD1,13
POLD3,2
PML,15
REEP2,3
DLC1,7
REEP6,2
CECR2,8
TSKS,1
RPL23A,3
ARL6IP5,3
ARL6IP1,3
CHRNA4,36
CHRNA5,31
CHRNA6,5
CHRNA7,48
FER,2
CHRNA1,9
CHRNA2,7
CHRNA3,24
COLQ,3
MAPK8IP1,1
MAPK8IP3,2
CEP152,6
FTH1,14
DICER1,20
ID4,7
ID2,10
ID3,15
ID1,5
MGME1,6
HP1BP3,1
CHGA,5
CHGB,2
PDCD6IP,2
MSN,8
OPLAH,1
SEC31A,1
XBP1,12
ANKRD7,1
ANKRD1,7
FSHB,14
YWHAQ,2
GLI2,19
GLI3,31
GLI1,7
FSHR,6
DISP1,5
MPPE1,1
GDNF,67
PDGFA,16
PDGFB,18
LONP1,1
PDGFD,6
ORC6,4
ORC4,4
GFER,8
AP5Z1,2
ORC1,6
DMKN,1
ACTB,21
CWH43,1
SPATA5,3
MIR194-1,6
DNM1L,9
SIGLEC6,2
SIGLEC7,1
SIGLEC1,1
FOLR2,10
GSTK1,3
HIST1H4C,6
DUOXA2,4
FHIT,17
PHOSPHO1,1
UGT1A,1
NYX,9
LAPTM5,2
ARFRP1,1
SQLE,3
VRTN,1
NR0B2,6
NR0B1,16
HSPA4,7
SPTLC2,5
DRAP1,1
KDM2A,2
ABCD3,6
ABCD2,3
ABCD4,4
CBLC,2
PPHLN1,1
OSGEP,3
ZNF43,1
C2CD6,1
ZNF41,2
TRAPPC9,2
ERVK-8,1
TRAPPC1,1
TRAPPC2,7
PRPH,3
BAK1,4
CSN2,3
CSN3,3
PPP1R14A,3
ATL3,5
CYP2U1,3
LILRB1,1
DGAT1,1
DGAT2,7
SOBP,2
PSMG1,1
KSR2,2
DSEL,1
GATAD2B,2
TACR3,13
TACR1,15
KCNH4,1
KCNH6,2
KCNH1,10
KCNH2,13
PPTC7,6
SERBP1,2
ZNF292,3
SLC28A1,2
NUP133,1
PRNP,40
NDUFAF5,10
NDUFAF4,3
NDUFAF6,5
NDUFAF1,3
NDUFAF3,3
FKTN,18
GDAP1,8
FAHD1,1
AP3D1,2
SZT2,2
ILDR1,1
SULT1A1,4
CABYR,2
BARX1,1
IL3RA,1
SH2B3,15
C19orf18,4
SAR1B,2
OLIG2,2
C19orf12,6
NOL3,4
CLPTM1,2
CDC45,2
CDC42,7
PGLYRP1,1
BIN1,17
RGS20,1
DPYD,26
UBTF,1
DPYS,3
CDCA7,1
TIMM50,2
GFAP,28
UTS2,3
PPP2R2A,1
PLB1,1
PPP2R2B,9
SASH3,1
SEM1,2
SASH1,3
TCL1B,2
TCL1A,1
CYB5A,7
SPG19,2
SPG11,9
SPG16,2
SPG14,2
HLA-DMA,3
PCK2,3
PCK1,13
AS3MT,11
SPRED1,4
SPRED2,1
NPAS2,7
PRL,65
VOPP1,4
PLEKHH1,1
THEMIS2,2
RELN,29
RELB,1
RELA,43
HDGF,1
PRY,1
PRX,5
ZMPSTE24,10
CRISPLD2,2
KLK1,8
KLK2,1
KLK3,6
KLK4,3
KLK5,1
KLK8,2
THOC2,2
THOC6,1
THOC5,1
PRRG1,1
HSD3B7,4
HSD3B1,3
RNF103,3
MTRR,19
ATR,24
HAAO,1
FOXP2,16
FOXP3,14
FOXP1,13
SMPD3,2
IL10RB,4
COPS2,2
ERI2,1
COPS6,1
TBR1,1
SAA1,5
COPS5,6
ZNF592,2
ZNF593,2
MDGA1,4
MYCN,17
MYCL,8
ZFR2,1
TKT,6
NLK,1
TMEM45A,1
IGF2,35
IGF1,73
DLD,2
NUDT1,1
NUDT2,2
NUDT7,1
TK2,5
TK1,6
PHLDB1,3
CTBP2,1
LARS,1
ATP5F1D,1
SST,32
ATP5F1A,10
ATP5F1B,4
MEF2C,18
MEF2A,2
FETUB,1
DDRGK1,1
MSLN,20
FBXL21,1
EPHX1,43
EPHX2,10
EPHX3,3
ZNF331,5
TEX14,1
TEX11,1
CSMD2,3
CSMD3,11
CSMD1,10
MALAT1,6
LRRC3B,4
IPPK,1
CIB2,3
MIR181A1,2
PRIMA1,4
THYN1,2
TRIO,6
ALDH3A1,4
NTF4,5
UGDH,1
CELSR2,5
CELSR1,4
KIF11,4
PTCHD1,6
TSEN54,19
CXADR,1
CYP24A1,16
MFN2,10
TCP1,3
MAD2L2,2
MAD2L1,3
SVIL,3
KTN1,2
APOA4,9
BMPER,4
CLCNKA,2
CLCNKB,5
POR,11
ST3GAL3,4
ST3GAL1,3
ST3GAL5,2
ST3GAL4,3
NINJ1,1
GALNS,6
NPSR1,6
SLC16A8,1
CYP7B1,19
SLC16A1,4
SLC16A2,7
NPY2R,13
SLC16A7,1
SLC16A6,2
ARHGAP30,3
ARHGAP31,2
ARHGAP32,1
BCKDHB,9
ARHGAP35,1
BCKDHA,9
WIPF1,3
CMKLR1,2
DYNLL1,2
PRDM5,3
UQCRQ,3
UQCRB,2
MIR15A,2
CACNA1H,8
DLG2-AS1,1
CACNA1A,24
CACNA1B,3
CACNA1C,18
CACNA1D,22
Mar-01,2
CACNA1F,12
CACNA1G,12
GLO1,13
CACNA1S,6
FLCN,21
HOTAIR,3
BGLAP,3
SLC15A2,2
SLC15A3,1
SLC15A4,2
MIR628,1
MIR629,7
MIR154,10
MIR627,6
MIR625,6
MIR150,9
PQBP1,14
MIR152,11
SLC22A16,5
TTC12,1
TTC19,6
SLC22A15,2
RRAS2,9
HIF1A,62
SLC31A1,8
RICTOR,2
PPM1G,1
PPM1F,2
PPM1E,3
THEM4,1
PPM1B,3
ABCF1,4
EGR2,12
EGR3,5
C4BPB,1
PPM1L,1
PPM1K,5
EGR4,2
CHEK2,37
CHEK1,5
PRKAB1,2
PAX5,10
PAX4,8
PAX7,1
PAX6,37
PAX1,3
PAX3,25
PAX2,12
PTPN3,2
PTPN2,10
PTPN1,16
PCDHA13,1
PAX9,3
PAX8,10
PTPN5,1
GINS2,2
PROK2,8
DDR2,6
DDR1,9
STUB1,9
NNMT,2
LRCH1,1
MBD3L2,2
EPG5,4
PTDSS1,1
AGBL5,2
AGBL4,4
AGBL1,2
ARRB2,8
ARRB1,5
CYP2S1,2
MIR24-2,2
MIR24-1,1
ADI1,1
GPNMB,9
PSMA2,5
C9,20
PSMA6,2
PSMA4,6
PSMA5,7
C3,43
C2,9
DSG1,5
C7,2
C6,2
DSG4,3
ENC1,1
FBXO45,1
KIF16B,1
BPIFB2,1
GUCD1,1
EXPH5,2
CS,6
CP,50
RMND5B,1
SFRP2,10
KCNJ2,13
KCNJ1,5
SFRP1,7
TRAFD1,1
KCNJ6,4
KCNJ5,15
KCNJ4,1
KCNJ8,7
COL1A2,24
AGPAT2,4
AGPAT1,1
COL1A1,33
CMYA5,3
PEX19,15
TMEM155,1
FOXO1,7
NIP7,1
PEX10,14
PEX13,16
PEX12,14
PEX14,14
PEX16,14
AP3B1,1
AP3B2,2
UTP25,4
P4HB,11
AADAT,1
COG7,4
AADAC,1
EPCAM,15
PGA5,1
MINPP1,7
PPP1CB,1
PPP1CC,2
HTR7,21
C11orf21,1
COL6A1,9
WBP2,1
COL6A3,9
COL6A2,10
WBP4,1
KLK10,7
KLK15,1
OGG1,25
EOMES,7
GHRL,48
SLC34A1,12
SLC34A3,2
SLC34A2,3
PLLP,2
BLNK,3
MIR3173,1
UBR1,1
UBR7,3
HSDL2,1
UBR4,2
SPG32,2
SOCS1,7
CCNQ,1
SOCS3,4
SPG37,2
PPP2CA,2
CCNY,6
CCNF,1
USH1E,1
MIR218-2,6
CCL3L1,1
MIR218-1,11
NPAP1,4
PCM1,2
COPA,4
IL1R2,13
IL1R1,9
PTN,4
LRRK1,1
LRRK2,23
PTH,23
INVS,4
ABHD12,2
CRMP1,2
PTS,3
NDUFAF2,8
MRPL12,1
MRPL13,6
CDC25C,1
CDC25B,6
RNF43,19
RNF41,3
TMPRSS15,1
ITPR2,2
ITPR3,6
ITPR1,14
IL1RN,51
KDSR,11
LRIG2,2
SNCG,5
ERCC6L2,4
MTTP,8
SNCB,2
SNCA,35
KBTBD13,3
RNF125,2
IL17RD,6
RNF123,2
MATK,2
IL17RA,4
ACAN,8
FOXR2,2
CDK20,3
POT1,12
SACS,11
FAM217B,1
MUC5B,3
OPN4,1
NCOR2,2
NCOR1,16
SCAPER,4
TEK,17
AVEN,1
HIST2H2AB,1
TEC,2
TEF,2
REPS2,2
NECTIN2,1
NECTIN3,1
NECTIN1,5
NBN,22
NECTIN4,1
MIR452,6
NFKB1,26
NFKB2,7
TES,4
MSS51,1
RAB40AL,2
NSA2,3
CLPTM1L,12
PDZRN4,2
PDZRN3,1
EMILIN1,1
MIR148A,8
MIR148B,4
DAPP1,2
PIAS3,3
CTGF,33
PIAS1,5
HIVEP2,2
HIVEP3,1
EOGT,3
ZNF318,1
OVOL2,3
OVOL1,3
P2RX1,3
P2RX3,2
P2RX2,6
P2RX4,7
P2RX7,18
HADHB,9
HADHA,18
STPG1,1
ST18,2
RMDN2,1
PGRMC1,1
OTOGL,2
AP4M1,6
ALS2,5
DENND1B,8
SLCO1C1,2
SDHA,25
BAP1,89
SDHB,16
SDHD,20
SHARPIN,3
ERRFI1,4
TCTN1,8
ZCCHC14,3
AP1M1,1
FLVCR1,1
CCDC141,2
L1CAM,33
DLG1,5
DLG3,9
DLG2,5
SAMD12,10
DLG4,10
SAMD11,1
SMG9,1
GRWD1,1
PCDH11X,8
PCDH11Y,3
IGF1R,28
FBXO11,1
LHB,17
IFNG,125
SLC45A1,2
SLC45A2,10
MTUS1,4
COQ8B,1
IFRD1,3
COQ8A,4
OSBPL2,1
ALS2CL,2
PHETA1,4
ADRA1A,14
ADRA1B,17
MIR4507,6
TUBB4A,7
HSFY1,1
STARD8,4
STARD3,2
GAS8-AS1,1
ARHGAP18,1
IL7R,13
PTRHD1,1
GABRG3,3
GABRG2,29
GABRG1,2
IMPAD1,1
ADARB1,4
CHKA,3
CHKB,5
BMS1,5
RASL11A,2
PVT1,7
MIR1908,1
HIST1H3J,1
DST,3
DSP,19
MIR190A,2
MIR190B,2
GLMN,1
THBD,16
DSE,3
DCDC2,7
GSTO2,1
MIR609,1
GSTO1,4
EPS8,2
TTC37,1
TTC36,1
FNBP1P1,1
BCLAF1,1
RNF135,3
SLC22A23,1
PLEK,6
SLC22A24,3
PLA2G5,1
HMGB2,3
BSCL2,13
SETX,3
HMGB1,24
CARMIL3,2
CCBE1,8
AUH,2
ZNF81,2
FRMPD4,2
FRMPD1,1
FRMPD2,1
PDE10A,5
CAPZA1,1
SCARF2,4
TIMD4,2
LMO1,3
LMO2,3
GEMIN4,2
LMO7,1
PBRM1,19
ATPAF2,4
MCRS1,1
MLKL,1
C10orf82,4
LARS2,6
C15orf53,3
ERAL1,2
SNORD3A,3
ERBB4,15
DDX10,1
DDX11,2
GJB1,23
GJB3,17
GJB2,30
GJB5,1
GJB4,6
DDX18,1
GJB6,15
GRIN3A,3
PSMC3,1
PSMC5,7
RBM20,3
TRIP11,2
TRIP13,11
CLEC10A,2
MIR455,7
IFT172,11
CERK,1
RGCC,1
DNAL4,1
DNAL1,3
LIN7A,4
TGM1,12
GRHPR,2
TGM3,1
TGM5,3
TGM6,8
FOXI1,2
TMEM173,3
CLSTN2,2
CLSTN3,1
EIF3H,4
EIF3I,1
EIF3M,1
EIF3A,1
EIF3B,1
EIF3E,1
EIF3G,1
FADD,4
MKKS,5
CDKN2B,10
WT1,42
CDKN2A,77
CDKN2D,3
BARD1,14
EDEM2,1
EDEM1,8
GRPEL1,1
NME1,4
SAP30L,2
TAS1R3,1
SMG1,1
CCL2,102
NFATC1,1
CCL1,4
CCL7,18
CCL4,20
CCL5,18
CCL8,7
HCCS,4
GTF2E2,2
CYP26B1,6
PPP1R14B,1
PLEK2,1
CA12,1
RALY,2
SRRT,3
PCDH12,4
LCE3D,2
PCDH10,1
FXN,5
PCDH17,1
ALKBH8,2
PCDH15,19
VPS53,2
VPS52,1
PCDH19,7
MIR29C,11
MIR29A,5
CDKN2B-AS1,8
DNAJB9,7
PVR,5
DNAJB2,3
DNAJB1,2
ERCC6L,1
DNAJB6,3
AMDHD2,1
FGF18,3
KISS1,5
CALY,2
TRMT1,3
NIPAL3,1
FRY,4
SNORA54,1
COL17A1,10
GRIK1,21
GRIK2,12
GRIK3,9
GRIK4,6
GRIK5,2
RNF149,1
ND4L,2
MIR2116,1
SGSH,5
MIR299,3
CALR,20
MSH2,24
MSH3,9
MGLL,5
MSH5,2
MSH6,22
ACCS,1
CD320,1
XPR1,4
NFXL1,7
PACSIN2,3
GREM2,1
GREM1,11
DHH,5
PADI3,2
PADI2,1
PADI4,5
PADI6,1
AGTPBP1,1
TOE1,3
FBXL3,1
GPIHBP1,3
NRIP1,10
GSTP1,68
VTI1A,7
NT5C,2
VCAM1,15
MFRP,6
ATF7IP,7
SPIDR,2
PPP1R3C,1
PPP1R3B,1
PPP1R3A,6
PNPLA2,4
TNFRSF13B,7
PNPLA1,4
GOPC,1
ALG9,3
FAM131A,1
TRMU,6
TBXAS1,4
ERLEC1,7
FGFR3,57
RIBC2,2
TRPS1,7
CCRL2,5
EHHADH,12
INPP5A,7
NME7,6
INPP5D,2
INPP5E,10
NME2,7
MOCOS,1
INPP5K,5
NME8,4
FREM3,5
FREM2,5
FREM1,19
HELQ,1
MIR497,14
CLSPN,1
EPB42,4
EPB41,4
GSKIP,2
MATR3,4
MYADM,1
TEKT5,1
TEKT4,1
VPS37A,2
PNPLA3,6
TIAM1,5
TIAM2,4
PNPLA6,25
ODAPH,2
GUCA2B,1
PNPLA8,1
FOS,66
SFPQ,7
KIAA0753,2
SETD1B,1
COL12A1,8
RASAL2,2
CXCL2,33
PTAFR,3
IL1A,55
IL1B,165
CHIA,1
THSD7B,1
FLG2,1
RBM8A,3
CASK,21
GPR88,1
CAST,5
KRT6B,8
KRT6C,3
CASR,18
GPR87,1
COMP,9
COMT,45
MIR660,6
MIR665,2
ADAM29,2
ADAM28,3
TARDBP,10
IL18,32
IL19,9
IL10,68
IL11,18
GSTM2,17
GNAS,50
GSTM4,7
GSTM5,2
IL16,2
PALLD,3
COLGALT2,1
MMEL1,4
TTF1,1
AEBP1,1
RBMS3,1
LTA4H,4
RCHY1,1
GDF9,2
GDF3,11
GDF2,6
GDF1,18
CBR1,5
GDF6,9
GDF5,21
ABHD12B,1
CPT1A,8
ANXA3,8
CPT1B,7
ANXA5,11
ANXA4,16
ANXA7,1
ANXA6,3
ZNF546,1
MCM6,1
MCM5,2
MCM4,2
POU5F1,7
MCM2,4
DUSP16,1
MCM9,1
MCM8,1
SQSTM1,12
CSH1,1
OPRD1,11
AGFG1,1
HEPACAM,6
M6PR,13
SSX2,2
USH2A,5
SSX1,1
ISL1,3
MIR885,13
PKMYT1,1
MROH7,1
MS4A5,1
MS4A2,2
MS4A1,8
ZNF141,3
LPAR4,1
BCS1L,10
ZNF148,1
CPT2,7
DSC2,12
DSC3,3
DSC1,1
PYGB,3
COX8A,2
PYGL,2
PYGM,2
DDX3X,9
SOD3,17
SOD1,106
TMF1,3
VWA2,1
RANGAP1,1
FCGBP,2
KCNN4,2
FASLG,22
KCNN1,1
PMS1,12
PMS2,26
ISLR,1
MST1R,8
GRIP1,4
FST,8
SLC19A2,3
SLC19A3,2
SLC19A1,21
CCDC65,3
VDR,33
CCDC63,1
CCDC62,1
NR3C1,25
TDO2,7
MIS12,1
KRT9,7
ZNF667-AS1,2
KRT8,26
DACT1,8
TNR,1
TAF13,3
SLC35A1,1
SLC35A2,3
SLC35A3,2
ANKRD18A,1
MPDZ,21
PGM5,3
FAF2,1
ASIC1,3
PGM1,4
PGM3,1
ABCB11,13
ABCB10,3
DBP,1
SBK1,1
PMP22,31
SLC25A45,1
SLC25A46,10
CDC27,2
HOXD12,1
HOXD13,15
HOXD10,11
PAK1,10
SHBG,8
PDZD4,1
TOX3,4
STRADB,1
NUP155,2
ANKEF1,1
BEST1,11
SMOX,2
SORCS2,1
NAGA,9
RPL35A,5
CARS2,1
PXDC1,1
TNPO2,2
TNPO3,2
NANOG,4
MAPK3,33
MAPK1,37
TRNL1,6
BCO1,1
PPP1R12B,3
TRNL2,1
MAPK8,15
MAPK9,7
LYL1,5
ATP8A2,3
KRT6A,6
STAG3L1,2
BCOR,14
VWA3B,8
VWA3A,1
BCAP31,3
CCL11,12
VPS35,4
ADTRP,2
CCL17,6
VPS39,3
CCL19,5
MIR320A,6
METTL6,2
STAT5B,11
STAT5A,16
KCTD3,1
RPL36A,1
KCTD1,1
KCTD7,2
MIR27A,2
MIR27B,8
UST,2
TMEM39A,1
CREB3L2,1
SERPINA3,3
SERPINA4,3
SERPINA5,3
SERPINA6,15
SERPINA7,1
ZC3HC1,4
NRAS,57
PXK,3
FOXRED1,10
MLC1,10
PXN,5
CABLES1,2
NPAS4,2
UMOD,4
LIX1L,1
PACS1,6
SBNO2,1
PCSK1N,2
BRAP,2
RNF168,1
ZBTB40,3
UPF3B,5
ZBTB42,1
BRAF,94
PDPK1,10
CTC1,6
P4HA2,1
P4HA1,1
ANP32A,3
FDXR,2
HPSE2,2
TAT,6
NTNG1,8
NTNG2,5
ZFYVE16,1
ALMS1,3
TAZ,5
MIR30C2,2
MIR30C1,1
MIR411,4
MIR410,14
THY1,1
MIR412,3
ATP8,5
OPN1SW,1
ALOXE3,12
ZNF683,1
ATP6,19
AP5M1,6
MIR137HG,1
IQCE,1
MUC16,2
IQCH,1
TRAF3IP1,4
ANGPTL6,1
POP1,3
ANGPTL4,10
ANGPTL3,3
GSTM1,43
ACE2,4
CTCF,8
SRSF10,6
MMP14,13
MMP15,2
IL13,24
MMP10,8
MMP11,3
MMP12,8
AFM,4
DSTYK,5
LRRN3,1
MMP19,2
IL15,3
MYO18B,6
PRG4,4
PRG2,1
PPP1R1A,6
PPP1R1B,11
GCG,20
GSX2,2
PPP1R15B,3
NF2,52
NF1,66
ARID2,3
GPAA1,1
CDAN1,5
IL5RA,5
KCNK16,1
NCAPD2,1
NCAPD3,1
BLM,5
MMACHC,3
PPP1R17,1
HCK,5
TCN1,1
TCN2,14
ZNF423,5
ATXN8,1
SIRPB1,1
ATXN7,15
ATXN2,16
ATXN3,8
ATXN1,9
SOAT1,1
SRGAP1,2
SRGAP3,7
EFHD1,2
DLK1,3
GPRC5D,2
GPRC5A,1
TSC1,60
P2RY14,1
SMC3,9
SMC2,2
NEDD4,8
P2RY11,2
P2RY12,4
SMC6,1
IFI44L,1
TAOK1,2
LEPR,34
CPOX,3
LTB,1
LTA,17
TINAG,2
LTF,22
ALG10,2
ALG11,2
ALG12,2
ALG13,4
ALG14,6
HEBP2,1
RIOK2,1
MICALL1,1
BANF1,1
LMOD1,5
LMOD3,3
LMOD2,2
TAOK3,2
ARL8A,1
MIR301A,9
MIR301B,2
AHSG,6
TTC7A,1
GYG1,3
PFN1,4
TWIST1,22
TWIST2,3
ZNF816,2
HNF1B,18
HNF1A,23
CRISP3,1
TMEM216,10
FCRL5,1
PDIK1L,1
GAS1,5
IL34,2
IL32,7
IL33,11
IL31,2
FRA7G,1
TRIM2,4
GAS5,1
COX17,5
AGXT2,1
PTK2B,10
DAB1,1
HYOU1,1
EEFSEC,2
RAB5A,1
RAB5C,1
AMACR,17
PROM1,17
NHEJ1,3
KPTN,1
SLC41A1,1
SCARB2,4
SCARB1,21
CSF1,4
CSF2,72
CSF3,95
WNT7A,9
ANXA1,10
ERAP1,5
LITAF,2
HULC,1
RRAD,3
CPT1C,2
RRAS,3
CNTN3,1
CNTN1,3
CNTN6,4
PLA2G1B,3
SLC44A4,2
DDX58,6
DDX59,3
ZNF160,3
CSRNP1,1
DDX54,3
CSRNP3,6
GATM,11
CDC42BPG,1
FAM129A,1
CDC42BPB,3
TXNRD2,7
TXNRD1,17
BUB1,4
BUB3,2
NUPR1,3
UBE2E1,8
UBE2E2,3
CNGA1,2
CNGA2,2
CNGA3,3
MIR1307,7
MIR1306,7
ADSSL1,1
MIR1304,6
MIR1303,6
MIR1301,1
EGLN3,2
DNAH3,1
EGLN1,7
DNAH1,4
DNAH5,4
DNAH8,10
DNAH9,1
MYBPC3,11
MYBPC1,6
AXL,14
SASS6,4
GPR17,5
TMEM136,1
TMEM135,3
TPM3,31
TMEM138,4
FOXE1,7
FOXE3,9
CCDC40,3
SPRY2,5
SPRY1,1
TRPC6,4
TRPC7,2
TRPC4,1
SPRY4,6
COASY,1
ZDHHC23,6
CDKL5,25
TNFSF14,3
CDKL2,1
USF1,1
TBX15,2
TBX18,4
TBX19,8
SLC35C1,1
XK,7
GNRHR2,1
GNB5,4
GNB4,4
AMBRA1,1
GNB1,13
ANXA2,20
OPN1LW,6
UNC80,4
MUCL3,1
FAM107A,4
THAP1,16
CRHR2,10
CKAP2L,3
CRHR1,17
PLPP1,2
PLPP3,2
PLPP2,1
GTF2A1,1
IL18BP,1
IQGAP1,7
IQGAP2,6
IQGAP3,1
REC8,2
CDYL,1
MIR409,10
NOD2,13
HCLS1,1
COQ9,3
RP1,2
RP2,4
RP9,2
TECPR2,11
CDY1,1
NDUFS8,14
COQ4,2
TUBA4A,1
CALD1,4
CCNB3,2
CCNB2,1
CCNB1,2
VPS18,1
CDCP1,4
CD5,2
FIBP,1
VPS11,2
COQ2,7
TAS2R60,1
POU2F1,1
BPTF,2
PCCB,4
PCCA,4
FCHO2,1
FCHO1,1
ADGRV1,5
SOX30,1
SFRP4,9
CEP135,4
TPD52,1
MIR889,3
PZP,7
CLN6,18
CLN5,2
CLN3,9
WHCR,2
HCG9,1
SFRP5,4
CLNK,1
TOR1AIP1,2
MIR486-1,1
TCF7L1,4
TCF7L2,16
RNF182,4
BMPR2,12
PNPO,10
RBX1,5
ZBTB20,5
ZBTB24,1
ATP9B,2
APBB1IP,1
ARL13B,3
HRAS,83
SKI,17
MSGN1,6
MIR433,3
MIR432,8
MIR431,3
MFF,3
LIMCH1,5
BICC1,5
SYT13,2
SYT11,1
SYT14,8
JMJD1C,11
TM4SF20,1
EHBP1,3
DDO,2
DTNBP1,12
LAMC2,10
LAMC3,3
LAMC1,3
GPHN,8
GSTT2,2
GSTT1,37
CDC14A,2
GPR179,9
PHF8,1
PHF6,3
LAMTOR5,2
PHF3,1
LAMTOR2,1
C2CD4A,1
C2CD4B,1
TCHP,2
TCHH,1
KERA,1
RAX,4
CEACAM21,1
GPR101,5
TRNS1,7
TRNS2,3
VARS2,1
ND1,10
ND3,11
ND2,4
ND5,13
ND4,7
ERN1,8
ND6,7
RPS26,7
RPS27,4
RPS24,5
PCBD1,2
RPS23,1
RPS20,3
RPS21,2
RPS28,4
ATRN,1
OR1E2,1
CHMP1B,1
CHMP1A,2
UCHL1,9
NFYC,1
TRAC,1
MIR92B,4
RARRES1,3
COL13A1,5
ZNF408,5
GPSM2,2
PREP,15
GPSM1,2
AIMP1,5
MDH2,9
MDH1,9
SOD2,194
DDX3Y,2
PDE6B,11
SLC22A5,6
MIR181C,11
TERC,11
SLC22A6,1
VPS33B,5
VPS33A,1
GPX2,3
RMST,1
ECEL1,2
TERT,51
NBAS,5
SLC22A1,3
SLC4A10,14
STAC3,4
MYBBP1A,1
GPX8,1
TMBIM4,2
PDE6H,9
TMBIM1,1
CASP7,7
CASP4,2
CASP2,9
CASP3,58
CASP1,18
SLC22A8,12
DRD4,26
DRD5,18
DRD2,78
DRD3,37
CASP8,43
CASP9,13
LSG1,1
MMRN2,1
KCNN3,4
PICALM,8
MIR6803,1
SETD1A,1
AKT1,83
AKT2,22
AKT3,10
UPB1,8
TTC9C,1
TTC9B,1
MRC1,1
MRC2,3
PKD1L1,4
RCAN1,9
MYC,63
MYB,8
ENTPD6,2
ENTPD4,1
ENTPD2,3
ENTPD1,5
KRT20,9
KRT25,3
DLEC1,4
SLC4A4,8
HYAL1,1
XIAP,7
PXDN,7
HESX1,10
DCTN4,4
PROCR,3
RAB7B,5
RAB7A,4
GNPNAT1,1
EFEMP1,19
EFEMP2,8
OSTC,1
KIF3C,2
KIF3A,3
HADH,5
TMEFF2,3
ASPM,8
WNT5B,2
WNT5A,6
NCF2,2
NCF1,22
NCF4,6
STAMBP,11
TLR10,1
HNRNPH1,2
HNRNPH2,2
TBC1D9,1
MRPS34,1
TBC1D2,1
TBC1D4,1
TBC1D7,2
HSPA12A,7
SAP30BP,1
TBXA2R,11
MIR1285-1,6
CGB5,2
PDSS2,2
PDSS1,1
CGB3,5
UNC13D,3
UNC13B,1
UNC13A,3
NRSN1,1
KCNB2,1
KCNB1,3
DEGS1,1
PARVA,4
OSGIN1,1
PAIP2,2
EMP2,1
EMP3,1
EMP1,5
AMOT,5
GABRA2,11
TMSB4X,3
FOXG1,25
CCDC22,2
CCDC26,3
FRMD4A,6
VHL,31
NIM1K,1
CNTNAP2,16
DCAF17,2
TRPA1,6
TXN,4
PAPSS2,4
CDKN3,5
WARS2,1
TRMT10A,6
TRMT10C,1
TMEM117,7
USP27X,2
RXRA,11
MAP7D2,1
RNU4ATAC,6
GLYCAM1,3
GLYAT,1
G3BP2,1
MYOZ2,3
OR2B3,1
PDE6C,6
IFNAR2,3
IFNAR1,1
GPM6A,1
SGPL1,3
APBB2,7
IRAK2,1
IRAK3,1
IRAK1,12
IRAK4,11
OR7D4,2
WRB,1
DIAPH1,5
WDR1,4
DIAPH3,1
WRN,8
SMARCD2,6
SMARCD1,4
GATA6,18
GATA4,19
GATA5,8
COX6A1,2
GATA3,22
GATA1,17
POU2AF1,1
CCND1,62
CCND3,1
CCND2,19
CEP290,12
TCF15,2
TCF12,12
IPCEF1,2
TCF19,1
NTS,5
PDE6G,2
ACVR1C,1
UOX,7
NDNF,2
UROS,4
MIR23A,6
MIR23B,6
MAGEE1,2
UROD,7
GABBR1,6
GABBR2,4
SERPINE1,26
SERPINE2,1
SOX18,9
PDE6D,2
TNNT3,4
TNNT2,31
SOX10,12
SOX11,4
SOX15,2
SOX17,7
EPPK1,1
C4A,4
C4B,2
SNX31,1
HMMR,5
PDLIM5,6
PDLIM7,1
PDLIM3,2
INSIG2,1
INSIG1,3
RPRD2,1
IRGM,9
FTO,11
TNK2,6
TNK1,1
ZDHHC2,4
ZDHHC4,1
ZDHHC7,1
ZDHHC9,2
ZDHHC8,2
SGIP1,1
KDM2B,1
ANPEP,4
HES1,51
TTC39A,1
ABCA9,2
C8orf37,6
C8orf34,1
HES7,4
KLHL24,2
CAPNS1,1
GABRR1,3
GABRR2,4
SMS,5
POLG,62
LTB4R,1
POLE,14
TRIM59,1
POLB,3
TAF15,5
FH,13
POLK,3
POLH,4
NDUFV3,1
MDK,13
NDUFV1,19
GNAS-AS1,6
CCNDBP1,3
CD27,1
IGSF5,1
GGH,13
NUS1,2
LAMA1,9
IL17F,2
LAMA3,8
LAMA4,4
IL17A,23
IL17C,1
CHRDL1,1
SLC25A42,1
IGSF1,5
NREP,9
MYOT,6
WDR60,7
GPR153,1
TAF1A,1
GPR150,2
F5,34
TRIOBP,1
TAF1D,5
F8,8
F9,7
ATP6V1E1,4
TAF1L,4
HTR3D,1
HTR3E,1
HTR3B,7
HTR3C,1
HTR3A,11
FAM89A,1
TMEM151B,2
TMEM151A,2
EI24,1
BAALC,3
MITF,30
PRC1,3
HOXD11,8
FYB1,2
RPTOR,4
PDZD7,5
PPFIA4,2
FBP1,8
MAB21L2,3
LMCD1,1
TRIM24,7
ZNF646,1
HSD17B1,4
ZNF644,2
HSD17B3,7
HSD17B4,19
HSD17B6,1
STON2,3
ALDH3B2,1
ALDH3B1,2
CDH23,16
CYR61,3
RTN4,4
ARPC2,1
KPNB1,1
RTN1,1
RTN2,2
ABO,11
ABR,1
CREB1,15
HGF,50
HGD,2
SLC25A4,11
IGHM,3
BACE1,8
PARD3,3
PRCC,7
FLRT3,4
IER2,1
PRCD,2
CILP,1
ZNF469,3
PSKH2,1
IL1RL1,5
HUWE1,3
ARAF,4
PKP2,5
PKP1,3
NUDT21,1
ROS1,9
PEBP1,15
SORCS1,1
METTL7A,2
IFT52,7
TEP1,1
LPP,3
EYS,2
LPL,19
GDAP1L1,1
HTATIP2,1
LPA,8
SAMD9L,2
SPG38,2
C12orf66,2
C1QC,2
C1QB,11
C1QA,11
MAMLD1,3
PKHD1,13
WFS1,12
ELMO1,8
ELMO2,2
C12orf65,4
VSIG4,4
CRELD1,2
NOS2,114
NOS3,87
SLC29A3,16
SLC29A1,11
CENPCP1,2
GLE1,5
ADORA2A,43
ADORA2B,4
TIRAP,6
EIF4A2,3
HYDIN,11
CSK,2
JAM3,2
MRAS,7
MRAP,3
TELO2,1
GALNT3,4
WNT3A,3
CLOCK,11
ZFHX4,2
RFC1,3
ZFHX3,5
RFC2,1
KIF14,3
KIF15,2
KIF17,1
SH3BP1,1
SH3BP2,1
LCP2,1
CBX7,1
CBX5,2
CBX2,3
CBX1,1
NLRP7,5
FASTKD5,1
NLRP1,3
FASTKD3,1
NLRP3,15
PSEN2,14
PSEN1,33
NLRP9,1
NLRP8,2
WDR26,1
RAB18,5
CYB5D2,1
WDR20,3
LRAT,16
RAB12,1
DEL22Q11.2,1
CLASRP,1
DNAJC24,1
ASCL2,1
CKS2,2
NAGLU,12
RAB1B,1
ACADSB,1
IGF2BP3,3
IGF2BP2,3
KIF1A,14
KIF1B,10
KIF1C,2
CD109,6
STX16,8
SHOC2,8
ZFP37,1
AATK,2
ERCC8,12
ERCC1,27
ERCC2,28
ERCC3,17
ERCC4,32
ERCC5,12
KDF1,3
CD244,1
GNB1L,6
CD247,3
MRPS12,1
MRPS11,2
NLRP12,8
CD248,1
LOXL1,2
LOXL2,11
LOXL3,1
LOXL4,1
UNC119,3
PFKP,1
MIR574,6
PFKL,1
VIPR2,2
TNNI3,16
PRIMPOL,1
VIPR1,1
LMAN2L,9
MIR1343,6
MFSD8,3
KCND3,7
CCHCR1,4
TMEM245,1
DIRC3,1
DIRC2,6
TMEM240,1
WARS,5
DCBLD2,4
DCBLD1,1
CLEC4F,1
CLEC4E,1
CLEC4A,1
CACNG8,1
SSR2,1
SSR4,1
NCDN,1
KAT6B,9
CACNG2,2
CACNG5,2
CTTNBP2NL,1
PPARGC1A,15
TPBG,1
APOC4,1
APOC2,9
APOC3,10
APOC1,5
RANBP10,2
SLC35G2,1
USB1,3
BHLHE40,13
BHLHE41,6
PRODH2,2
POU6F2,2
ZFPM2,8
MAGI2,11
MAGI1,4
UGT2B7,1
SELL,1
LAS1L,3
SLC25A22,3
TMEM70,6
SLC25A20,1
SLC25A26,1
SLC25A27,1
SLC25A24,4
SLC25A29,6
SLC3A2,1
FOXA1,8
CCL18,1
FOXA3,1
FOXA2,1
BST1,1
COPB2,1
INSRR,3
DGCR2,4
FLVCR2,3
CARM1,2
B9D2,4
B9D1,6
PCDHB8,1
MKS1,9
PGK1,9
BECN1,12
PITPNM3,2
XIRP1,1
IMPG2,6
IMPG1,4
RPAP1,1
NFE2L2,50
MAGEC1,2
TNIK,10
MAGEC2,1
PSTPIP1,6
TP53RK,3
DOCK10,1
POFUT1,2
SNX14,12
SEC23A,4
SEC23B,8
SNX10,4
CCAT1,8
ICAM5,4
ZNF267,5
ICAM3,3
ICAM2,4
ICAM1,42
DPM3,3
DPM2,4
DPM1,3
LY6E,3
PDYN,56
LRTOMT,1
SMTN,1
OCLN,10
NEUROD2,1
MIR671,3
NEUROD1,6
NEAT1,5
SGK2,2
SGK1,17
MIR744,7
MIR210,7
MIR217,9
MIR215,5
BOD1L1,1
TBC1D9B,1
ATP5PD,2
TMTC4,1
TMTC3,5
LINC00475,2
CFC1,14
CDH11,2
CDH10,3
CDH13,16
CDH12,2
CDH15,4
MAP4K4,1
CDH17,4
CDH18,1
SPATA21,4
CYCS,17
MIR17HG,7
GPD2,9
MICU1,7
TSNAX,2
MIR208A,1
COX2,8
NEFL,8
COX1,11
NEFH,4
SON,3
DGCR,3
GAN,2
NIPBL,8
GAL,18
GAK,1
NRG1,29
NRG3,3
MBP,5
GAA,15
NPBWR1,1
SERPINA1,43
XYLT2,6
SUV39H2,1
XYLT1,11
HCFC1,5
CYC1,3
PON3,1
PON2,5
PSAT1,8
HAGH,2
TFCP2,2
RALYL,2
HTR1D,3
HTR1F,1
HTR1A,41
HTR1B,26
BCL2L1,35
WASHC4,1
WASHC5,5
GFRAL,1
SCO2,18
SCO1,8
SLC24A5,2
SPINT2,15
ITSN1,1
NDST1,6
NDST2,1
ITSN2,5
NDST4,1
PRAF2,1
ZNF668,6
KHK,1
RTL1,1
RTL6,4
NEGR1,1
TSPAN7,2
TSPAN4,1
TSPAN8,4
NXN,3
MIR1260A,7
TDP1,2
TDP2,9
MIR1260B,7
TREH,1
ZNF442,1
RPS6,5
MIR6852,6
L3MBTL3,6
L3MBTL2,6
GFRA1,8
GFRA3,1
GFRA2,1
SERAC1,5
OFCC1,1
CINP,1
RASD2,1
RASD1,1
PCMT1,3
C9orf3,5
VDAC2,9
PSENEN,2
AP4S1,3
CPA1,3
CPA6,2
THBS3,1
OTX2,25
SLMAP,1
NBEA,1
OSM,6
ZFC3H1,3
ASZ1,1
SLC33A1,6
STAG2,17
STAG3,1
IFT74,1
DSTN,1
NPHS2,6
NPHS1,12
ASMTL,3
ARG1,15
ARG2,3
EHD3,5
RPE65,12
MIR302C,2
XKRY,1
GON4L,3
ABL1,21
TMED7,7
IL9R,1
TMED2,1
TMED1,1
BAIAP2L1,1
HNRNPU,3
SHANK2,3
HNRNPK,5
FASN,30
HMGA2,5
SBNO1,2
EEF1B2,5
GOLM1,1
TNNI3K,4
XKR4,4
FCMR,6
GLUD2,1
GLUD1,6
ISG20,1
HSP90AA1,8
CD53,1
CD55,6
CD58,3
CD59,2
HAX1,3
UGT1A9,10
NNAT,1
UGT1A4,2
UGT1A6,1
UGT1A1,23
UGT1A3,1
AMTN,3
SRP54,1
RAB32,4
RAB31,1
NEDD4L,10
RAB38,1
DOK2,1
DOK3,1
DOK1,3
DOK7,5
DOK5,1
MCEE,1
PLS1,1
PLS3,4
PDIA3,4
ARMC8,1
ARMC9,1
ARMC4,3
ARMC5,2
OTULINL,1
CD163,7
AARS,4
TTC21B,13
CD164,4
ZFP57,1
WNT16,1
MTMR14,8
SPATA7,6
CD5L,1
RANGRF,2
HIST1H4B,3
HIST1H4A,1
CEL,3
HSPA6,3
HSPA5,10
HIST1H4D,3
HSPA9,18
NELFA,1
CD226,7
LIFR,9
DCANP1,3
ADIPOQ,40
CRBN,3
NET1,1
IRX5,12
IRX4,2
IRX2,1
SLPI,7
PRKAG2,6
MUC2,12
MUC1,8
CRB1,9
MUC6,2
PPP2R2C,1
CRB2,5
GC,25
CEP83,3
GK,3
PTRH2,2
PTRH1,1
HNRNPDL,1
NRTN,3
CTBP1,4
NTHL1,5
TSG101,2
HACL1,7
IQSEC1,1
APOA5,8
IQSEC2,7
VPREB1,3
APOA1,36
APOA2,4
XPO1,3
XPO5,3
XPO6,4
TTR,36
TTK,2
MYPN,12
TTN,29
GAR1,3
DNASE1L2,1
DNASE1L3,8
MIR487B,7
EPS15L1,1
GART,2
ZEB1,17
GARS,4
ZEB2,13
ATAD5,1
ATAD1,1
TOP1,1
TCIRG1,5
GIT1,7
MINDY3,1
TMEM199,1
FOXC2,8
FOXC1,27
GHRH,1
CD40LG,10
SESN2,6
SESN3,1
POLG2,3
SC5D,6
SHROOM4,1
PELI1,5
SPART,5
GPT2,1
SPARC,22
DBNDD2,1
SCN11A,9
CALB2,5
CALB1,2
SRPK2,1
BDKRB1,7
BDKRB2,13
FAM20A,5
FAM20C,7
ADARB2,5
FGL2,2
CD96,2
CTHRC1,2
AGGF1,1
CD93,1
MAGEA9,1
MAGEA1,2
MAGEA4,1
RDH5,3
OPHN1,4
STN1,6
LINC00271,1
SLIT3,3
SLIT2,7
HOMER1,14
FIP1L1,6
HOMER3,2
HOMER2,4
ZNF687,2
MIR766,6
MIR764,8
MIR760,3
IQCC,2
NIPAL2,1
THAP3,2
NIPAL4,6
MNX1-AS1,3
TAC1,39
EWSR1,11
TRIM10,1
RPN2,1
RPL26,5
CATSPER1,1
MIR493,3
HDAC2,15
MIR495,3
MIR494,6
RCBTB1,6
MIR496,3
HDAC5,12
ARL2BP,2
ANKRD30A,1
PI4KA,5
SAG,12
CIRBP,4
ATG5,12
CHM,2
RRS1,1
RINT1,2
TBL2,1
PDE8B,7
DBI,4
DBH,12
MANBA,3
WNK1,17
FABP2,2
UQCRFS1,1
DBT,9
TMEM43,11
FANCD2,10
FABP1,3
SERINC3,1
SERINC2,1
GABRA5,24
MED1,9
MED4,2
PINK1,15
SMARCB1,10
MNX1,3
SCAP,1
ZNF606,4
COX14,1
PKDREJ,1
TREX1,13
GABRA3,4
CAMTA1,2
SDF2L1,2
PPP1R9B,2
TCF4,28
TCF7,7
TCF3,11
BVES,1
GCK,16
POP4,2
EPS8L3,2
AFP,10
STK32C,1
STK32B,1
STK32A,1
DEPP1,5
AZGP1,10
BTD,9
BTC,3
NXPH2,2
PROC,11
BTK,12
NUTF2,1
RASGRP2,1
RASGRP3,2
AMPD3,3
AMPD2,5
AMPD1,4
RASGRP1,9
CATSPERE,1
AREG,22
MMP13,7
RPS6KB1,4
TNFSF9,3
RPS6KB2,3
DPAGT1,13
TET1,3
TET3,1
TET2,24
RPS4X,2
DLST,1
F2RL3,8
F2RL1,3
DHDH,1
ST6GAL1,3
PRDX6,10
PRDX5,4
PRDX4,3
PRDX3,12
PRDX2,16
PRDX1,11
AP3S2,1
AP3S1,1
PITX2,13
PITX3,14
PITX1,6
FERD3L,1
OTUB2,1
NPTN,2
AXIN2,14
AXIN1,12
MIR376C,9
MIR376B,3
SDCBP2,1
CSTB,32
RDH10,1
SULT2A1,2
VASN,1
RDH13,7
DNAI2,3
MED23,1
VASP,1
FAM111A,3
LACC1,3
KATNB1,2
SCGB3A1,2
SCGB3A2,2
DCAF7,1
DCAF6,1
ABRA,1
DCAF8,3
ZSCAN31,2
LAMP2,11
CD38,2
IFI27,1
CD33,10
CD34,3
CD36,11
POLR3B,8
POLR3A,4
APCDD1,2
TXNDC5,6
POLR3K,2
TOPORS,3
GRIA3,9
DNMT1,44
TRU-TCA1-1,1
R3HDML,1
CYP51A1,1
WDR62,12
CDNF,1
ASRGL1,1
C21orf2,5
HOXD9,5
CRYGFP,1
HMGCL,3
SLC25A1,3
TONSL,2
PRMT6,2
PRMT7,1
R3HDM2,4
HOXD3,1
HMGCR,8
MTPAP,3
ORMDL3,2
KIF5A,6
KIF5B,1
KIF5C,6
MASP1,6
MASP2,4
CD3D,10
CD3E,9
CD3G,1
CCDC50,1
ACADS,3
HSPG2,10
CD209,4
LAIR1,1
IFNGR1,11
IFNGR2,1
CMIP,1
ACADL,1
ACADM,6
CD207,1
IARS2,3
USP48,2
Dec-01,1
USP46,3
DYT21,1
PPARGC1B,4
XDH,25
MIR539,7
CDK2AP2,1
MADCAM1,3
MIR532,10
PLIN1,6
UMPS,23
RAD50,5
SCRN1,4
ATOX1,5
NANOS1,2
ACAD9,1
NANOS2,1
CYP2E1,43
NPBWR2,1
RBCK1,2
SRCAP,3
BLK,6
RPS7,7
ADAMTS10,6
ADAMTS13,5
ADAMTS12,1
PLCE1,11
ADAMTS17,2
PPP1R18,1
ADAMTS19,1
ADAMTS18,2
VDAC1,10
RPS9,1
RPS8,3
SLC52A1,2
SLC52A3,8
SLC52A2,4
DEF6,2
PPBP,1
SLC6A18,1
TMEM206,1
SLC6A13,4
SLC6A12,1
SLC6A11,2
SLC6A17,1
SLC6A15,2
SLC6A14,2
GALT,8
HMGCS2,4
KIAA1324,1
DDIT4L,1
SORD,7
GALE,4
IGSF21,2
GALC,6
CYP4F22,7
RPSA,2
DCD,1
TAPBP,2
ADRB1,13
ADRB2,13
ADRB3,13
CSNK2B,4
MCM3AP,1
FCGR3A,5
FCGR3B,7
ALDH1A1,22
GCDH,1
ALDH1A3,5
PRICKLE1,3
PRICKLE2,2
PRICKLE3,1
DEFB4A,1
RPL24,1
RPL27,4
TAC3,6
RPL21,3
ATG7,5
SLC16A12,3
EYA4,4
SPINK5,3
SOX5,5
EYA1,11
SPINK1,9
HPX,10
CALHM1,1
PIEZO2,7
PIEZO1,5
HPN,2
HPD,11
KLKP1,1
MIR8061,1
HAVCR1,12
FXYD6,5
FXYD5,1
FXYD2,4
FXYD3,2
FXYD1,1
CCR2,20
DMGDH,1
MAFB,8
PLIN2,5
PLIN3,1
MAFF,3
MAFG,1
KDM4C,7
KDM4B,6
RBPJ,8
MED12,26
DISC2,2
ABCB7,4
URI1,4
MED15,2
H19-ICR,1
ABCB5,4
CYP2A13,2
CCR10,7
ABCB4,24
RBP1,12
RBP3,4
RBP4,21
MIR708,3
KRAS,125
ADAM7,1
ARPC1B,2
SGO1,3
ACSL1,11
ACSL6,5
ACSL4,17
ADAM9,3
SMPX,1
IL20RA,1
HTR5A,4
ANXA2R,1
RPL9,1
HR,9
TRIM32,5
HP,40
RPL5,7
TRIM37,4
RPL3,3
G6PC3,3
FEN1,2
ADAM8,6
CTIF,1
KREMEN1,2
ACSL5,4
NEK10,2
NEK11,1
FAT3,1
CYGB,1
NEBL,4
NR1I2,22
WISP3,1
MNT,7
SCT,8
RCN3,2
RCN2,1
RCN1,5
MN1,5
RHOQ,1
ANKRD26,3
WFDC1,2
RHOB,1
RHOA,14
ACO2,5
PBK,2
INHA,2
TMEM65,1
ITM2B,3
SLC25A3,1
KLHL40,2
MIR323B,3
FJX1,5
SMC5,1
PYROXD1,2
ZNF624,1
TRIM33,3
UGT2B17,8
UGT2B10,1
TRIM31,1
APAF1,12
OLFML3,1
FSCB,1
KCNQ1OT1,3
TRIM36,3
PTTG1,4
ADM,9
PROX1,1
BRWD1,1
RASGRF1,5
RASGRF2,6
ZNF480,2
VIPAS39,5
RETREG1,13
IGFALS,1
DECR1,2
ACVR1,25
KALRN,5
JUNB,18
JUND,16
TFF2,1
TFF3,4
HIST1H2AL,1
HIST1H2AE,3
PRPF19,2
ADH1C,6
TRAF1,5
TRAF3,4
TRAF4,1
TRAF5,1
TRAF6,4
TRAF7,2
HOOK3,3
TMPRSS2,1
HOOK1,1
TMPRSS4,1
TMPRSS6,4
TMPRSS7,4
ESD,2
TSC2,54
ABCC13,2
C5orf63,4
CECR,1
DSPP,12
CLRN1,3
EMG1,2
SCD,9
CCDC80,8
IGHG1,10
IGHG2,7
LASP1,2
MOCS1,3
COMMD1,7
LINS1,4
ZMYM2,3
NPR1,7
NPR2,6
NPR3,2
ZMYM4,1
ZMYM5,2
CAMK2D,4
CAMK2A,10
CAMK2B,11
LMNTD1,1
TMEM184B,1
MYL4,3
ZSCAN16,1
DPY19L2,1
ENOX2,1
ANO4,6
ANO5,6
NUAK2,1
CELF2,8
ANO3,5
POLR1A,3
POLR1C,6
POLR1D,8
TANGO2,1
COL3A1,38
MC4R,11
HIP1R,1
DUS1L,1
WDR45,4
WDR46,2
WDR48,1
WDR49,1
GTF2B,1
ATP7B,30
JAK2,38
JAK3,16
JAK1,4
GRM4,7
GRM5,37
GRM6,9
FURIN,3
GRM1,36
GRM2,10
GRM3,8
HOXB8,2
HOXB9,6
HOXB1,3
CHUK,4
HOXB5,1
PPARG,82
PPARD,8
PPARA,38
LRMDA,6
RHOJ,1
PTF1A,10
SPDEF,2
MAGOHB,3
WDR53,1
CD14,12
WTRS,3
MYZAP,3
NDUFB10,1
CD19,6
COL10A1,2
PRKDC,18
ACO1,2
MKRN3,6
DYRK2,2
LHFPL5,1
LHFPL6,1
RGMB,2
PTGES,1
LHFPL2,1
TLL1,3
TLL2,1
WFDC2,1
MIR511,3
NR2F6,4
NR2F1,5
NR2F2,5
INHBC,1
ANKRD29,1
DDB2,6
ERBIN,1
KIF21A,4
RIMS1,2
RIMS2,2
RIMS3,1
TMEM67,14
GRID1,6
GRID2,9
CEP41,5
MCAM,6
MCAT,1
HCRT,15
CYP2C9,18
CYP2C8,3
GJD4,1
IL21R,4
EMX2,5
APOBEC3C,1
APOBEC3B,10
PRKD1,11
PRKD2,5
PRKD3,1
CTTN,5
DHFR,19
PLCG2,14
PLCG1,6
BSND,3
GIPR,1
EIF2S1,16
EIF2S3,4
EIF2S2,2
PRODH,8
LPIN2,3
LPIN1,4
SELENOS,2
SELENOP,19
SELENOW,4
KLHL41,4
KLF6,10
CERKL,2
KLF4,5
SELENON,12
SELENOM,1
KLF9,2
N4BP2,1
EXTL3,1
FAM189B,1
REST,20
HEATR9,1
ASCC3,3
TPH2,21
SFSWAP,1
POU1F1,6
PHF21A,1
KLRK1,1
MAP3K10,1
MAP3K13,5
ZNF541,1
ZNF540,1
SLC1A4,4
SLC1A5,1
SLC1A6,4
SLC1A7,1
FUCA1,5
SLC1A2,17
SLC1A3,9
RSPH4A,3
MIR329-1,3
IKBKB,6
GPT,10
SOST,11
IKBKG,13
FCGR1A,5
IKBKE,2
MICB,3
MICA,4
RARA,12
RARB,26
RARG,4
DHRS7,9
DHRS2,1
DHRS3,2
LMF1,3
SELENOI,1
RARS,1
MIPEP,2
CACUL1,2
DYRK1A,4
DYRK1B,4
NABP1,1
JAKMIP3,1
JAKMIP2,2
JAKMIP1,1
TPO,7
SMARCAL1,3
IMPA1,16
IMPA2,9
BAZ1B,1
TPR,4
PHGDH,12
SNAI2,9
SNAI3,1
HRG,4
SNAI1,10
OSBPL11,1
PCDH20,1
SLC2A9,5
PTGES2,3
SLC2A5,2
RSPO4,2
SLC2A3,10
SLC2A2,13
SLC2A1,51
ECHS1,8
DIXDC1,13
PLAGL1,3
METRNL,1
LRG1,4
CCAR1,1
VANGL2,19
MTDH,2
AMELX,4
AMELY,2
KCNK2,8
EXO1,6
ZBTB8B,1
CEACAM1,7
ATRIP,2
EN2,2
LRRTM1,1
LRRTM3,1
CEACAM6,1
SLC46A1,6
ENG,10
GTF2IRD1,1
NCAPG,1
RFK,1
F10,1
F11,1
EPAS1,13
FZD8,1
CDKAL1,1
SERPINA10,2
TMEM126A,1
TMEM126B,2
PLCZ1,1
CYP4B1,1
RCOR1,1
ADHFE1,2
PWAR6,1
FLT4,10
GPR78,2
PWAR1,2
FLT1,29
SET,1
UGT2B15,1
H1FX,1
VKORC1,6
OXSM,1
AFG1L,1
PVALB,29
MIR18A,10
H1F0,3
COL25A1,3
MIR188,6
MIR186,7
MIR185,2
MIR184,3
MIR183,9
MIR182,1
MRPS18B,2
FIGNL1,2
ELMOD3,1
CLU,42
CHAMP1,1
KNG1,18
NRARP,5
EXOC3L1,1
LCN2,22
SF3B4,3
PNPT1,3
SF3B1,10
PRKN,22
CYP17A1,29
ALOX15,2
ALOX12,5
SEMA6D,5
CNIH3,3
AP4B1,3
ELAC2,4
DDHD1,2
DDHD2,2
SCN2B,4
SCN2A,15
RTBDN,5
DNAJC12,8
DNAJC13,3
DNAJC10,1
TECRL,4
CTXN3,1
RLIM,3
FEM1C,1
DNAJC19,2
MS4A6A,1
SDHAF3,1
MIR1228,1
SCML2,6
MIR1226,1
NRK,2
NRL,4
EDRF1,1
PFKFB3,11
PFKFB4,1
ITPA,6
ADD3,8
ADD2,1
ACTG2,7
ADA,9
MIR484,8
CWC27,1
LTBR,1
MAP3K8,3
MAP3K9,3
MAP3K2,1
MAP3K3,1
PRPF31,2
MAP3K1,6
DEAF1,10
MAP3K7,5
IER3IP1,4
ADK,7
PET117,1
MARVELD2,2
NUP214,5
KIAA0319L,2
FMO3,10
FMO1,3
CASZ1,2
IDH2,67
IDH1,42
PASK,2
SURF1,17
SETD2,21
SETD5,3
SETD4,1
SOS2,3
XAF1,9
SURF4,1
PRSS23,1
LXN,1
GPX4,20
ZMYND10,3
DUX4,7
DUOX2,6
RETREG2,1
SNORD118,3
JADE2,2
TUBB6,2
RRM2B,18
NPPB,14
NPPC,1
NPPA,33
EFS,1
FRZB,3
SPRR2A,2
SPRR2B,1
HERC1,1
TP53,164
CDHR1,3
PALB2,30
CDHR3,1
ST8SIA2,2
ST8SIA1,2
WNT10A,10
STX1A,2
FARS2,3
STX1B,9
ALS2CR12,1
SRGN,1
BTBD11,1
SIK1,12
SIK3,1
Sep-07,1
KRT81,1
Sep-05,2
KRT83,2
MASTL,2
Sep-02,2
KRT86,1
TSEN2,16
WAC,4
NCS1,3
SALL4,10
MAST2,2
SPACA7,1
MAST4,1
SALL3,4
SALL2,6
QARS,4
WAS,4
GALK1,6
CYP1A1,20
CYP1A2,38
MTR,28
C5orf34,1
STX11,2
FIS1,1
STX17,2
C9orf72,17
ZMIZ1,4
MELTF,1
IFITM3,1
PRTFDC1,5
IL23A,3
CUTC,1
ADGRE1,1
LIPC,7
ADGRE2,4
MOSPD1,1
ATP11C,1
IL23R,12
ATP11A,2
SLC27A5,3
PAN2,8
STK31,1
TLN1,4
DPP9,2
LIPH,8
DPP4,2
SUOX,3
DPP6,9
DPP7,1
CEP63,5
COQ10A,1
STK38,1
MCIDAS,2
AGTR2,9
MRPS16,2
PCP4,1
SYN3,2
SECISBP2,3
A4GALT,2
CTRL,1
CTRC,6
AOX1,1
DHX15,3
DGCR8,10
RXFP1,2
CCDC88A,3
CCDC88B,1
CCDC88C,16
NDUFB11,4
DGCR6,4
GOT1,7
RNASEL,3
MPEG1,3
RNASE3,1
ODF3B,2
RNASE4,2
RNASE6,2
BRAT1,2
PMEL,1
OLFM2,1
ROBO1,9
ROBO3,3
FBXL2,1
CCDC86,2
CD7,4
ZNF569,3
ZNF565,1
HSD11B1,11
ZNF560,1
STMN1,11
CCR6,11
ACRBP,4
CCR7,9
DCLK1,5
DCLK3,5
NOX1,7
NOX3,1
NOX4,16
FAM161A,2
TMTC2,3
UBE3B,2
UBE3C,3
UBE3A,7
CD9,16
MIAT,1
TOP2B,3
TOP2A,14
TRH,43
TMPRSS3,4
CEP164,3
TRA,3
TRB,1
TRD,1
TRG,1
ABRAXAS1,3
SLC26A1,6
SLC26A2,7
SLC26A3,2
SLC26A4,9
SLC26A5,4
MIA3,3
MIA2,1
SLC26A8,2
SLC26A9,2
FGF4,5
FGF3,13
MRPL49,1
FGF1,7
OLFML2B,1
SDC1,1
SDC3,1
SDC4,1
ELOVL6,5
ELOVL4,6
ELOVL5,10
ELOVL2,1
ERAP2,5
DEFB1,3
DIABLO,8
CD86,4
CWF19L1,9
HEYL,2
FRA16E,2
HSPA2,2
RD3,2
SGCG,4
SGCE,5
SGCD,5
CNKSR1,3
SGCB,4
TECR,1
CNKSR2,3
SGCZ,2
DUSP4,5
SNRNP70,1
DUSP1,9
DUSP3,1
DUSP2,3
LRRC8A,3
RBL2,4
QDPR,5
OR51E1,4
HEY2,19
RIOX2,1
HEY1,35
CNTN2,2
LEP,71
ARFGAP2,2
TOR4A,1
TMLHE,1
AUTS2,7
CNTN4,3
NUMA1,2
UNC93B1,12
HSPA1A,17
FAM83H,2
PF4,4
BMP15,6
FAM83G,2
MIR101-2,2
MIR101-1,2
HSPA1L,5
IDH3A,2
IDH3B,4
C12orf76,1
CYSLTR2,6
DGKQ,2
DGKH,5
MIR200A,2
MIR200C,15
MIR200B,6
DGKG,1
DGKE,5
ICK,5
TMEM106B,5
CNP,4
TMEM106A,1
DKC1,6
ZNF169,1
PTGIS,10
PTGIR,1
TCERG1L,2
NEK2,2
RTEL1,12
NPM1,11
NPM3,1
VSNL1,8
PEMT,1
HSPA14,1
TXNDC15,1
MXI1,1
TXNDC17,1
AKR1D1,5
TMEM25,2
PDE2A,2
MIR30E,8
MIR30D,5
DDX51,1
MIR30A,17
PPP3R1,3
MIR30B,13
GCOM2,1
SCG5,8
IQCB1,3
RIC3,1
MIR130B,15
MIR130A,11
SEMA4A,6
AKR1B1,7
SEMA4F,1
SP110,3
SCN4B,4
DHS6S1,1
MIR1202,2
GIP,1
HSPA8,12
GIF,4
GALNT12,4
MS4A4A,10
CNDP1,9
CNDP2,4
NPL,1
STRBP,2
TTI2,4
MOCS2,2
NPB,2
AHR,42
COLEC12,5
MIR300,6
COLEC10,2
COLEC11,7
CERS1,8
NPS,8
ACTA2,30
ACTA1,22
PARK16,1
PDS5A,1
TSTD3,1
KYAT1,5
KYAT3,3
DYNC2LI1,7
KIF1BP,10
EDARADD,7
BLOC1S6,2
KIF6,2
KIF7,17
KCNQ4,4
KCNQ5,4
KCNQ2,29
KCNQ3,6
KCNQ1,19
ALDH8A1,1
VEGFD,2
HOXC13,2
SDF4,2
VEGFA,122
VEGFC,6
VEGFB,4
BLOC1S3,5
RTTN,4
BNIP3,5
MIR29B2,6
LHX6,1
MIR106B,3
FLOT1,4
EMC1,1
NAB2,2
IYD,5
AP3M1,1
MIB1,17
AKAP12,3
AKAP13,8
AKAP10,2
ZSCAN5A,1
HTRA1,9
HTRA2,22
SPI1,6
ANTXR2,12
UNC5CL,1
MIR378I,7
MIR378A,9
MIR378C,6
EGLN2,5
SPIB,3
HIBCH,3
ARID5B,6
BMPR1A,11
MAP2K1,27
TP73,6
ABT1,2
GLS2,2
ZMYM3,1
ANKH,8
EGFR,92
ALOX5AP,8
WDR81,4
UCN3,2
WDR88,1
ACER3,2
SIM1,5
UHMK1,2
IMPDH2,1
CXCR3,11
CXCR2,20
CXCR1,2
CXCR5,4
CXCR4,14
JAG2,10
SRA1,1
AJUBA,1
FOLH1,5
FAM180A,2
TFF1,2
CRYBB2,11
CRYBB3,5
CRYBB1,9
EXOC4,1
BNC2,4
MAPKBP1,2
ANK1,6
ANK2,9
ANK3,17
CHRNG,7
CHRND,12
CHRNE,8
IFI44,2
BZW1,1
BZW2,1
C5AR1,2
TNNC1,5
TNRC6A,10
USP28,1
AFAP1-AS1,4
PSMD6,2
CYP3A4,14
ADAMTS7,4
RSU1,5
ADAMTS1,4
ADAMTS3,2
ARHGEF9,3
ARHGEF6,2
ARHGEF4,1
CCSER1,2
ADAMTS9,1
ADAMTS8,1
COTL1,3
ARHGEF1,1
GMCL2,1
TSPEAR,2
PROKR2,11
CDH1,44
CDH3,5
RP1L1,1
CDH5,9
CDH7,5
DPP10,2
CENPJ,6
CENPH,1
CENPF,6
CENPE,4
RAMP1,1
HYMAI,1
RAMP2,7
LDB3,12
CLCF1,4
LDB1,1
WDCP,1
TERF2IP,1
PDXDC1,6
TRPC3,12
ARSA,10
ADGRG6,2
PLEKHA6,1
PLEKHA7,1
PLEKHA1,2
ADGRG1,4
NETO2,2
PLEKHA8,1
ARSB,2
SEC63,1
GMNN,3
TRIB1,3
TRIB3,3
DHX30,1
DHX32,1
CABIN1,1
ESRRB,1
MPLKIP,8
TPTE,1
ZNF765,6
CYP4V2,1
PGBD1,1
PDE6A,2
TPT1,4
VNN2,4
VNN3,2
VNN1,4
PMCH,4
HACD1,3
RIPOR2,2
DOPEY1,1
MIR520B,1
MIRLET7BHG,1
NOP9,2
OPRK1,22
TREM1,2
TREM2,16
MYH2,2
MYH3,7
GREB1,3
MYH1,1
MYH6,15
MYH7,31
RACGAP1,2
FAM167B,1
MYH8,3
MYH9,24
NUAK1,1
VGLL2,1
ANO6,3
CADM1,8
FGD5,2
FGD4,2
PUS3,1
FGD1,11
FGD2,2
PRR5-ARHGAP8,3
VTN,7
GTS,2
SATB2,4
SATB1,1
UHRF1,1
UHRF2,1
CNNM1,1
CNNM2,22
CNNM4,5
PIP5K1C,2
KEAP1,18
MYO9B,2
MYO9A,3
SMN2,15
POLA1,4
SMN1,17
PHF11,2
PRSS1,7
SLC5A1,1
PRSS3,1
PRSS2,4
SLC5A5,21
TSLP,8
SLC5A8,2
PRSS8,10
PNLIPRP1,1
ALX3,2
ALX1,2
RB1,44
ALX4,15
UCN,4
ABCC9,11
ZBTB3,1
CARD18,2
MAT2A,2
MAPT,38
CFAP298,3
ZBTB4,1
NR4A2,19
NR4A3,6
CARD11,16
NR4A1,5
CARD14,8
SYNGAP1,9
CASC2,1
CASC1,1
QSOX1,4
GNB3,35
CASC4,1
ABCC6,12
CUL4A,5
CUL4B,3
CYP2C19,21
CYP2C18,2
NUDT16,1
BOLA3,3
RIPK2,1
IMMT,2
SLC6A3,40
SLC6A2,26
SLC6A1,25
SLC6A6,1
SLC6A5,6
SLC6A4,51
NDUFB7,2
SLC6A9,6
SLC6A8,3
NDUFB3,2
GSR,33
TMOD1,3
GPR35,1
GPR34,2
GPR37,1
ASB15,6
C12orf57,6
FMNL1,1
STAP1,1
TBC1D20,3
NEXN,6
ACY1,8
GRM8,10
MAPRE1,1
MAPRE3,3
TNFRSF9,6
AQP6,1
AQP7,2
AQP4,18
AQP5,5
AQP2,7
AQP3,9
AQP1,23
TBC1D24,16
WDR11,9
AQP8,1
C14orf28,1
MIR125B1,6
MIR125B2,7
GTF2I,8
PHB,17
CASP12,5
ETNPPL,1
PGGT1B,1
RHAG,4
NR1H2,2
MIB2,1
RNF216,1
LZTR1,11
RNF213,3
RXFP2,4
ADORA1,23
ACTL9,3
ADORA3,3
MED25,3
ENAM,4
CC2D1A,3
BDNF,85
KANSL1,9
YARS,1
CDK5R1,1
GSN,21
EPHB2,8
EPHB3,1
EPHB1,2
PARP8,1
EPHB4,5
PARP4,1
PARP1,46
PARP2,1
BTNL2,3
ANG,4
ALDH4A1,1
MELK,1
MIR328,8
MIR326,3
MIR325,2
MIR324,5
MIR383,3
FGF20,4
FGF21,21
HBB-LCR,5
ACTC1,15
COQ5,3
NPY,67
SLC10A1,3
SLC10A7,7
MIR2682,2
FHL2,7
FHL1,12
FHL5,7
GOLGA4,6
PUS10,1
CSGALNACT1,1
SCA37,1
SCA32,1
SCA30,1
ALDH7A1,6
PAWR,12
RAD51D,5
RAD51C,12
RAD51B,7
COL21A1,2
HMGXB4,2
DIP2A,1
DIP2B,1
DIP2C,3
DCLRE1C,6
YES1,5
DNA2,3
ECT2,2
ZCCHC8,3
KCNS3,1
ZCCHC2,1
RENBP,1
ENPP5,1
SPOP,6
SLCO2A1,5
CHADL,1
TP53BP2,3
ZNF804A,13
NDUFA4L2,1
UPP2,1
UPP1,1
PMVK,1
SNORD15A,1
ACP5,6
DARS,1
GLRX5,5
MC2R,4
ATP2B1,4
S100A11,7
S100A10,21
ACP1,3
L3HYPDH,1
PIH1D3,3
CACNA2D1,9
SDCCAG8,7
AHCYL2,1
GRK6,4
GRK7,1
GRK5,1
GRK2,10
GRK3,7
GRK1,3
CAPN6,1
CAPN5,1
CAPN3,3
CAPN2,3
CAPN1,5
DLEU2,3
SPAG6,1
PRRC2A,1
SPAG5,1
TBX5,4
SPAG1,3
HTR6,9
KLHL7,8
HTR4,10
KLHL5,2
KLHL3,7
MPIG6B,2
KDELR1,1
CLEC12A,1
MAMDC4,1
ST14,4
FAXDC2,3
AANAT,7
MUTYH,18
TCTN2,4
TCTN3,6
NKAPL,1
TNXB,10
FATE1,1
AKT1S1,5
SPG41,2
PRDM14,4
SLC5A2,2
DCHS1,5
ENPEP,4
SERPINB10,1
CMA1,3
PLEC,10
NELL1,12
SLC5A3,10
NCOA7,1
LTK,2
POMGNT1,16
POMGNT2,11
TKFC,1
KDM5A,3
SPOCK1,1
CLDN10,1
CLDN11,3
CLDN16,3
CLDN14,5
SLC32A1,1
DYNC1H1,20
TENM3,6
TENM2,4
TENM1,3
TENM4,7
GAD1,20
GAD2,27
ESS2,4
SERPING1,18
GPHA2,1
LCE3B,2
LCE3C,2
PHIP,6
DNHD1,6
SNORD103C,1
PRDM11,3
SEZ6,1
MIR99A,9
SYNE1,20
SYNE2,16
SYNE4,1
TNFRSF13C,4
CAMKMT,8
DDB1,2
ZNF526,3
JRK,15
SLC39A5,1
STEAP3,2
KIF21B,1
OMA1,1
STEAP4,2
MAFIP,1
OTC,2
BCL11A,18
BCL11B,3
DSCAM,5
UBASH3A,2
GCLM,7
AVL9,3
GRHL2,2
GRHL3,14
UBQLN2,2
GCLC,18
OSMR,4
DAPK3,2
DAPK1,28
ULK2,2
RAX2,4
PABPN1,3
ULK1,2
PIM2,3
ULK4,3
PIM1,13
IL18R1,2
MIR28,1
TNC,10
MIR22,9
MIR21,13
CFAP53,4
CFAP52,1
HOGA1,2
GORAB,7
RNLS,1
MYO7A,13
STK19,3
STK10,8
STK11,44
FKBP4,2
FKBP5,14
FKBP2,2
SLC27A4,1
SLC4A7,1
TYROBP,5
GABARAP,1
SV2A,1
IFNA10,1
SYMPK,2
WIPI1,2
EHF,1
TBCK,4
IL20,9
FKBPL,2
GRB10,1
GM2A,2
GRB14,1
LAT,6
CSRP3,10
AK1,5
RFXANK,6
ATP6V1D,7
HSD17B10,2
ATP6V1A,4
RASL10B,3
DTL,2
APOBEC3A,6
SYNRG,1
AK5,2
ARNTL,7
PANK2,6
PANK4,1
ETAA1,3
CAV2,7
KCNMA1,19
SLC26A7,1
MIR656,3
MIR655,3
MIR654,3
NFASC,1
NAA25,1
ARNT2,3
IGH,5
PLXNC1,2
ZNRF3,4
SERPINC1,22
CBL,12
EBI3,2
GPX1,45
CBS,24
GPX3,16
PDRG1,1
GPX5,1
PRDM1,7
SLC22A2,1
GPX6,1
IL11RA,4
HOXA3,2
FLNB,11
FLNC,10
PRDM8,8
SLC22A9,2
NPDC1,1
MIR34A,14
MIR34C,9
MIR34B,3
LETM1,21
PRKCSH,1
ADCYAP1,9
HIC1,10
HFM1,1
RBM12,2
RBM10,4
RBM17,7
MIR127,10
MIR126,5
MIR122,10
MVP,3
BEND7,1
MIR1249,7
BEND2,3
ARVCF,7
RXRG,1
MIR1246,7
MIR1247,9
RXRB,4
MIR6741,7
OPRM1,62
MVD,2
IGHV3-21,3
MVK,11
YAP1,14
ALK,31
SUCLA2,4
ALB,75
RELL1,1
ABCA6,3
ABCA7,8
ABCA4,12
ABCA5,3
NTM,2
ABCA3,10
ABCA1,16
RFT1,2
CIZ1,5
MIR345,17
ABCA8,2
MIR346,4
MT2A,10
PSMD8,1
FLAD1,2
PSMD3,1
RTP4,1
HTC2,1
RTP3,3
RTP1,1
MIR499A,6
SELPLG,2
PROP1,7
RPGRIP1L,8
SPON2,1
SCN8A,24
MCFD2,2
ST6GALNAC5,1
ST6GALNAC2,1
ST6GALNAC1,2
COPS7A,2
NMUR2,1
ZC4H2,7
DKK4,4
DKK2,1
DKK3,1
DKK1,7
LILRA4,1
LILRA5,3
GJE1,1
LILRA1,1
AVPR1B,1
AVPR1A,3
TGDS,1
HPS5,3
HPS4,3
HPS6,1
HPS1,2
HPS3,4
HJV,5
POF1B,1
KLF5,7
KCNU1,1
P3H3,2
P3H2,4
P3H1,5
KLF1,8
PLBD1,1
MCHR2,2
MCHR1,4
CORIN,1
ADCY7,13
KIRREL3,1
ACAD8,3
HPSE,11
ZC3H11A,2
ARID1B,8
ARID1A,35
YEATS4,3
YIPF3,6
CYB5R4,1
CYB5R3,7
VLDLR,5
SPTAN1,6
TGFBR3,1
YPEL3,1
FTSJ1,2
DERL1,5
SRMS,1
IKZF3,8
CNPPD1,3
NLGN4X,3
NCR3,1
CCDC103,3
MLLT10,34
MLLT11,1
RAG2,11
DAP3,2
RAG1,6
EIF4E,2
BCAR4,2
FBN1,36
BCAR1,3
BCAR3,6
EIF4B,2
TPH1,11
HAT1,1
TUBB,2
S100A7A,2
CLVS2,1
HDAC1,9
HDAC3,1
EFNB1,11
THEMIS,2
HDAC4,18
HDAC7,1
HDAC6,8
HDAC9,5
HDAC8,5
TMEM161A,1
MIR598,3
NHLH2,1
OXSR1,2
ITIH1,5
MIR146B,4
ITIH3,3
ITIH4,6
MIR592,6
FILIP1,2
MIR146A,15
CDT1,4
CST8,1
CHPT1,1
TRAPPC11,3
TRAPPC10,5
MIR506,1
CST3,48
CST1,4
CST6,5
CST7,2
CST4,1
TNFSF4,5
MIR7977,6
PLA2R1,4
CSTA,8
GMPPA,3
GMPPB,14
REEP1,4
SND1,1
PRSS16,1
CMC2,2
REEP5,10
CEP85L,1
KL,24
PTPA,4
RPL10A,1
RAD52,2
RAD51,11
MIR133A1,1
KY,2
BLOC1S2,1
USP8,5
STRADA,9
USP2,1
USP6,1
USP7,3
SOX9,21
RNF39,1
SOX2,25
SOX3,12
RNF34,1
SOX6,1
SOX4,6
RNF31,1
CEBPB,9
CEBPA,16
CEBPE,6
CEBPD,9
TPPP,1
CYTB,5
PHKB,2
PPIEL,1
ADNP2,1
MAP3K15,4
KLRC2,3
KLRC4,2
INTS4,1
TPP1,17
TNFRSF11A,6
TNFRSF11B,12
CYP11B2,8
CTNNA1,11
CTNNA2,4
CTNNA3,7
FEV,3
LYST,4
YTHDF2,1
SLC1A1,31
MIR425,8
TGIF1,6
TOMM40,5
BGN,9
MYL7,1
LURAP1L,1
MYL2,7
MYL3,3
MYL1,1
ATP2C1,1
CDKN2AIPNL,1
MYL9,3
CERS6,4
CERS3,3
LINGO1,2
TSNARE1,1
CHSY1,2
MPP1,6
STYK1,1
MPP7,4
INHBA,3
INHBB,1
FAM110B,1
INHBE,3
GP6,1
TUBGCP3,1
LINGO2,3
FAM210A,2
PSPN,1
EXTL1,1
SNTG2,1
STAU2,1
ETFDH,11
CFAP77,1
TSPAN2,1
TUBGCP4,2
DHTKD1,4
KRTAP20-1,1
NIN,3
MYLK,21
DONSON,8
MYO5C,4
MYO5B,7
MYO5A,4
YME1L1,1
TSHB,14
SETDB1,5
CRTC1,1
TUBGCP6,3
ABCD1,5
TSHR,27
FAM13A,5
LY86,3
SDHAF1,7
SDHAF2,8
SUMF1,5
TWSG1,5
SMARCAD1,4
FNDC3B,6
THADA,1
GBP2,2
GBP1,1
ACSF3,3
MAN2A1,1
GBP4,1
ANKS1B,2
CORO2B,1
ARV1,2
NR1H4,23
CCDC134,1
EDA2R,1
LCT,2
CCDC137,1
RBFOX2,2
RBFOX1,14
OTOA,1
SLURP1,4
RPL6,5
OTOF,7
OTOG,4
APOPT1,1
STK33,1
STK36,4
STRC,3
STK39,1
AGTR1,17
GSTM3,10
SYN2,16
LCK,1
SYN1,4
PTH1R,9
CD4,3
DDC,22
CD6,2
DARS2,2
CD2,2
DNAAF1,3
DNAAF2,3
DNAAF3,3
DNAAF4,7
DNAAF5,3
STAT6,10
STAT4,15
NUSAP1,2
STAT2,3
STAT1,14
CHRNB1,7
CHRNB3,6
CHRNB2,30
CHRNB4,18
HBEGF,18
CPAMD8,4
CYP7A1,3
OR4C46,1
CRYAB,29
VSIR,1
GABRB1,10
GABRB2,4
GABRB3,27
ZNRD1,2
CDA,2
PLXNA3,1
PLXNA2,2
ASNS,4
PLG,20
PDE4A,5
PDE4B,22
RHEB,2
PDE4D,11
PEG3,4
STKLD1,1
PRDM6,3
MAP2K3,1
MAP2K2,17
BMPR1B,15
MAP2K7,11
MAP2K6,1
MAP2K5,3
MAP2K4,12
NLRC4,9
NLRC5,2
ADCYAP1R1,4
TRAPPC6B,2
MIR107,9
MINK1,1
RAP1GAP,8
MIR100,11
MT3,19
NR1H3,9
MT4,1
MALT1,3
COL18A1,9
SUCLG2,5
SUCLG1,4
MIR10B,14
MIR10A,19
PHF7,1
ALDOA,6
GRPR,7
ALDOB,12
MIR362,7
MIR361,8
MIR367,6
ARX,12
MIR369,8
UPK3A,2
MAP3K14,1
TIA1,3
ARC,12
ABCC8,20
MIR1468,7
ABCC4,10
HAO1,2
HAO2,8
ABCC1,11
ABCC2,46
ABCC3,4
MIRLET7G,6
MIRLET7D,11
MIRLET7E,3
MIRLET7B,11
MIRLET7C,7
MEIOB,1
MIRLET7I,10
APLP2,1
KITLG,16
ZNF74,1
AHDC1,1
RYR1,26
RYR3,2
RYR2,16
SNORD116-1,2
SFTPA2,2
GOLGA5,1
SFTPA1,2
EDN1,55
EDN3,9
FMN2,7
SLCO3A1,1
MIR151B,6
MIR151A,1
RSPRY1,1
ENPP2,5
ENPP1,15
GIPC3,2
CSNK2A3,1
CSNK2A2,2
CSNK2A1,4
PTMA,10
MEGF10,7
HBG2,8
HBG1,5
CD2AP,9
CFHR5,4
KDM5D,1
CPS1,6
KDM5B,1
KDM5C,10
SLC2A4,11
AIPL1,5
COL8A2,4
FA2H,4
UBE2L6,1
GLUL,18
PDGFC,1
DNM1,6
UBE2L3,1
DNM3,2
DNM2,14
TGFA,28
NORAD,2
PREX2,1
TRAP1,5
IFT122,20
ZNF281,1
PLPPR1,14
SLC14A1,4
CPLANE1,3
GYS1,1
GYS2,1
KIAA0040,1
STT3B,1
STT3A,1
RFXAP,1
ETV1,2
ETV3,1
ETV5,1
ETV4,4
ETV6,21
BTBD9,2
CCDC68,1
TUBA8,4
RAD23B,2
RAD23A,2
SLC6A19,4
MKRN3-AS1,2
NOM1,1
IKZF4,2
IKZF1,16
MIR4492,6
IKZF2,4
BCAS2,1
NFIC,1
SLC13A4,8
SLC13A5,8
PLPPR2,1
PLEKHG1,4
TCEAL7,1
RGS17,3
FAAH,31
RGS10,2
PSPH,3
IFNA2,116
IFNA1,23
CCKAR,10
IFNA5,3
MIR449C,2
KDR,40
HMX1,4
UTP4,2
ADAMTS15,1
CLEC16A,13
VCAN,6
CRYAA,11
VANGL1,20
ELF3,4
ELF2,3
ELF4,1
ZRSR2,4
PRPS1,7
NDN,5
BRPF1,2
TTLL10,1
GMPR2,7
LDHA,7
LDHB,14
LDHC,1
ERVW-4,2
ERVW-1,2
ACAP1,2
PLAU,72
PLAT,87
CFL2,4
CFL1,6
SIGLEC5,1
PLAA,4
RPS29,5
PLEKHG2,1
NFIB,1
NFIA,2
MIR194-2,1
PRDM2,6
PLEKHG4,1
PLEKHG5,5
SLC7A14,2
SELE,14
SLC7A10,1
SLC7A11,1
FOLR1,25
MIR6881,1
GNGT2,1
AIP,18
SERPINH1,15
NFIX,3
SELP,9
MIR340,4
